Quantity,UnitPrice,ItemsInCart,TotalPrice,Year,Month,DayOfWeek,Is_Weekend,Price_Quantity_Ratio,Product_Desk,Product_Laptop,Product_Monitor,Product_Phone,Product_Printer,Product_Tablet,PaymentMethod_Credit Card,PaymentMethod_Debit Card,PaymentMethod_Gift Card,PaymentMethod_Online,OrderStatus_Delivered,OrderStatus_Pending,OrderStatus_Returned,OrderStatus_Shipped,CouponCode_No_Coupon,CouponCode_SAVE10,CouponCode_WINTER15,ReferralSource_Facebook,ReferralSource_Google,ReferralSource_Instagram,ReferralSource_Referral
5,570.62,7,2853.1,2023,1,2,0,114.124,0,0,1,0,0,0,0,1,0,0,0,0,0,1,0,1,0,0,0,1,0
2,151.35,3,302.7,2024,8,4,0,75.675,0,0,0,1,0,0,0,0,0,1,0,0,0,1,0,1,0,0,0,0,1
5,550.68,8,2753.4,2024,2,1,0,110.136,0,0,0,0,0,1,1,0,0,0,0,0,0,0,0,0,0,0,0,0,0
1,273.19,5,273.19,2023,10,6,1,273.19,0,0,0,0,0,0,0,1,0,0,0,0,1,0,0,1,0,1,0,0,0
4,626.01,8,2504.04,2025,5,3,0,156.5025,0,0,0,0,1,0,0,0,0,1,1,0,0,0,0,1,0,0,0,0,0
2,245.86,4,491.72,2023,10,0,0,122.93,0,0,0,1,0,0,1,0,0,0,0,0,0,1,0,1,0,0,0,1,0
1,664.42,6,664.42,2025,6,1,0,664.42,0,1,0,0,0,0,0,0,1,0,0,0,1,0,0,1,0,1,0,0,0
5,149.55,9,747.75,2023,5,4,0,29.910000000000004,0,0,1,0,0,0,0,0,0,0,0,0,0,1,0,0,0,1,0,0,0
2,134.28,2,268.56,2025,4,2,0,67.14,0,0,0,1,0,0,0,0,1,0,0,0,0,0,1,0,0,0,0,0,0
4,509.38,6,2037.52,2023,11,1,0,127.345,1,0,0,0,0,0,1,0,0,0,0,0,0,1,0,1,0,0,1,0,0
5,625.97,9,3129.85,2023,12,4,0,125.194,0,0,0,0,0,1,1,0,0,0,0,0,1,0,0,0,1,0,0,1,0
3,49.14,7,147.42,2024,2,5,1,16.38,0,0,1,0,0,0,0,0,0,1,0,0,1,0,0,1,0,0,0,0,0
2,180.5,6,361.0,2024,10,1,0,90.25,0,0,1,0,0,0,0,1,0,0,0,1,0,0,0,0,0,0,0,0,1
3,201.49,4,604.47,2023,8,2,0,67.16333333333334,0,1,0,0,0,0,1,0,0,0,0,0,1,0,0,0,0,1,0,0,0
2,393.33,3,786.66,2023,3,0,0,196.665,0,0,0,0,0,1,0,1,0,0,0,1,0,0,0,1,0,0,0,1,0
1,473.96,3,473.96,2023,7,0,0,473.96,0,0,0,0,1,0,0,0,0,0,1,0,0,0,1,0,0,0,1,0,0
2,533.81,3,1067.62,2023,1,1,0,266.905,0,0,0,0,1,0,1,0,0,0,0,1,0,0,0,0,0,0,0,0,0
1,423.4,3,423.4,2024,3,5,1,423.4,0,0,0,0,0,1,0,1,0,0,0,0,0,1,1,0,0,0,0,0,1
1,431.44,3,431.44,2025,3,2,0,431.44,1,0,0,0,0,0,0,0,1,0,0,1,0,0,0,1,0,1,0,0,0
5,224.0,9,1120.0,2023,1,0,0,44.8,0,0,1,0,0,0,0,0,0,0,0,0,1,0,0,1,0,0,1,0,0
5,62.51,9,312.55,2023,5,0,0,12.501999999999999,0,0,0,0,0,0,0,0,0,0,0,1,0,0,0,0,1,0,0,1,0
4,342.95,6,1371.8,2024,11,6,1,85.7375,0,0,1,0,0,0,0,0,0,0,1,0,0,0,1,0,0,0,1,0,0
2,49.62,2,99.24,2023,1,6,1,24.81,0,0,1,0,0,0,0,0,0,1,0,1,0,0,0,1,0,0,1,0,0
4,273.25,5,1093.0,2025,4,2,0,68.3125,0,0,0,1,0,0,0,1,0,0,0,0,0,0,0,0,0,0,0,0,1
2,230.95,3,461.9,2024,10,2,0,115.475,0,1,0,0,0,0,0,0,0,1,1,0,0,0,0,0,1,0,0,0,1
1,399.98,3,399.98,2024,7,2,0,399.98,0,0,1,0,0,0,0,1,0,0,1,0,0,0,0,0,1,0,0,0,0
5,59.55,6,297.75,2024,3,2,0,11.91,0,1,0,0,0,0,0,0,0,1,1,0,0,0,1,0,0,0,0,0,1
1,472.74,6,472.74,2024,2,3,0,472.74,0,0,0,0,1,0,0,0,0,1,0,0,0,1,0,0,1,0,1,0,0
4,160.07,5,640.28,2023,11,1,0,40.0175,0,0,0,1,0,0,0,0,0,1,0,1,0,0,1,0,0,0,0,0,0
3,423.53,6,1270.59,2024,9,4,0,141.17666666666665,1,0,0,0,0,0,1,0,0,0,1,0,0,0,0,1,0,0,0,0,1
2,426.7,5,853.4,2025,3,5,1,213.35,0,0,1,0,0,0,0,0,0,1,0,1,0,0,0,1,0,0,0,0,1
3,500.08,6,1500.24,2023,6,4,0,166.69333333333333,0,0,0,0,0,0,0,1,0,0,0,0,1,0,1,0,0,1,0,0,0
5,536.72,10,2683.6,2023,5,0,0,107.34400000000001,0,0,0,0,0,1,0,0,0,0,1,0,0,0,1,0,0,0,0,0,0
1,162.77,4,162.77,2023,6,0,0,162.77,0,0,0,0,0,0,0,0,0,1,0,0,0,0,0,0,1,1,0,0,0
4,576.52,5,2306.08,2023,1,5,1,144.13,0,0,0,0,0,0,1,0,0,0,0,1,0,0,0,0,1,1,0,0,0
2,465.15,2,930.3,2024,12,5,1,232.575,0,0,1,0,0,0,0,0,0,1,0,0,0,1,0,1,0,1,0,0,0
2,534.43,5,1068.86,2025,5,3,0,267.215,0,1,0,0,0,0,0,1,0,0,0,1,0,0,1,0,0,1,0,0,0
2,76.74,7,153.48,2024,10,0,0,38.37,0,1,0,0,0,0,0,0,0,0,0,0,1,0,0,1,0,0,0,1,0
1,245.89,3,245.89,2024,12,3,0,245.89,0,1,0,0,0,0,0,1,0,0,1,0,0,0,0,1,0,0,1,0,0
3,256.46,4,769.3799999999999,2025,2,3,0,85.48666666666666,0,0,0,0,1,0,1,0,0,0,1,0,0,0,0,1,0,0,0,0,1
2,344.02,4,688.04,2023,8,6,1,172.01,1,0,0,0,0,0,0,0,0,1,1,0,0,0,0,0,0,0,0,1,0
3,611.45,4,1834.35,2023,12,1,0,203.8166666666667,0,0,1,0,0,0,0,0,1,0,0,1,0,0,0,0,0,0,0,1,0
2,151.66,6,303.32,2024,5,0,0,75.83,0,0,0,0,1,0,0,0,0,0,0,0,0,0,1,0,0,0,0,1,0
3,499.21,8,1497.63,2023,12,3,0,166.40333333333334,0,0,0,0,0,0,0,0,0,1,0,0,0,0,1,0,0,0,0,1,0
2,550.18,3,1100.36,2025,4,0,0,275.09,0,0,0,1,0,0,0,0,1,0,0,0,1,0,0,0,0,0,0,0,1
1,317.25,1,317.25,2024,2,5,1,317.25,0,0,0,0,0,0,0,1,0,0,0,0,1,0,0,1,0,1,0,0,0
4,550.14,4,2200.56,2024,6,2,0,137.535,0,0,1,0,0,0,0,1,0,0,0,1,0,0,0,0,0,0,0,1,0
2,209.94,3,419.88,2023,7,2,0,104.97,1,0,0,0,0,0,1,0,0,0,0,0,1,0,0,0,0,0,0,0,0
2,80.77,4,161.54,2023,8,5,1,40.385,0,0,1,0,0,0,0,1,0,0,0,0,0,1,1,0,0,0,1,0,0
1,30.44,1,30.44,2023,10,5,1,30.44,0,0,0,0,1,0,1,0,0,0,0,0,0,1,0,1,0,0,0,0,0
1,179.22,6,179.22,2023,7,0,0,179.22,0,0,0,0,0,1,0,0,0,1,0,0,0,0,0,0,0,0,0,1,0
1,388.33,2,388.33,2024,12,0,0,388.33,0,0,0,0,0,1,0,0,0,0,0,0,1,0,0,1,0,1,0,0,0
1,586.44,5,586.44,2024,9,6,1,586.44,0,0,0,0,0,1,0,0,0,1,0,0,1,0,0,1,0,1,0,0,0
4,488.78,5,1955.12,2024,5,5,1,122.195,0,0,0,1,0,0,0,0,0,1,0,0,1,0,0,0,0,0,1,0,0
1,280.25,5,280.25,2025,3,3,0,280.25,0,0,0,0,0,0,0,0,0,1,0,1,0,0,0,0,1,0,0,0,0
3,344.4,3,1033.2,2025,6,1,0,114.8,0,0,0,0,1,0,0,0,0,1,0,0,0,0,1,0,0,1,0,0,0
3,479.21,5,1437.63,2023,5,6,1,159.73666666666665,0,0,0,0,0,1,0,0,0,0,0,0,0,0,0,0,1,0,0,0,1
5,314.27,6,1571.35,2023,1,6,1,62.854,0,0,0,0,1,0,0,0,0,0,0,0,1,0,0,1,0,0,0,1,0
4,474.69,6,1898.76,2023,1,6,1,118.6725,0,0,0,1,0,0,0,0,1,0,0,0,0,0,0,1,0,0,1,0,0
4,593.27,5,2373.08,2024,9,2,0,148.3175,0,0,0,0,0,0,0,0,0,1,0,0,0,1,1,0,0,1,0,0,0
1,417.1,3,417.1,2024,8,2,0,417.1,1,0,0,0,0,0,0,1,0,0,0,0,1,0,0,0,0,0,0,0,1
4,122.2,7,488.8,2024,3,6,1,30.55,1,0,0,0,0,0,0,0,0,0,1,0,0,0,0,0,0,1,0,0,0
2,43.15,3,86.3,2023,8,1,0,21.575,1,0,0,0,0,0,0,1,0,0,0,1,0,0,0,0,1,0,0,0,0
1,564.86,6,564.86,2025,2,6,1,564.86,0,0,0,0,0,0,0,1,0,0,0,0,0,1,0,0,1,0,0,0,1
3,130.61,4,391.83,2025,6,2,0,43.53666666666667,0,0,0,0,1,0,0,1,0,0,0,0,0,0,0,0,0,1,0,0,0
5,81.7,6,408.5,2023,12,5,1,16.34,0,0,1,0,0,0,1,0,0,0,1,0,0,0,1,0,0,0,0,1,0
5,127.18,9,635.9000000000001,2024,11,4,0,25.436,0,0,0,0,0,0,0,0,0,0,0,0,0,0,0,1,0,0,0,0,1
4,12.1,8,48.4,2024,12,0,0,3.025,0,0,0,0,1,0,0,1,0,0,0,0,0,0,1,0,0,0,1,0,0
3,490.92,5,1472.76,2023,12,0,0,163.64000000000001,0,0,0,0,0,0,1,0,0,0,0,1,0,0,0,0,0,0,0,0,0
3,478.65,4,1435.95,2023,5,3,0,159.54999999999998,0,0,1,0,0,0,0,0,0,1,0,0,0,1,1,0,0,0,0,0,1
1,629.21,2,629.21,2023,5,4,0,629.21,1,0,0,0,0,0,0,0,1,0,0,1,0,0,0,0,0,0,0,1,0
3,434.45,4,1303.35,2025,6,1,0,144.81666666666666,0,0,1,0,0,0,1,0,0,0,0,1,0,0,1,0,0,0,0,0,1
4,589.44,5,2357.76,2024,12,6,1,147.36,0,0,0,0,0,1,0,0,1,0,0,0,1,0,1,0,0,1,0,0,0
4,433.45,4,1733.8,2023,5,2,0,108.3625,0,0,1,0,0,0,0,0,1,0,0,0,0,0,1,0,0,1,0,0,0
5,90.87,5,454.35,2023,6,5,1,18.174,0,0,0,1,0,0,0,0,0,0,0,1,0,0,1,0,0,0,0,1,0
3,398.17,5,1194.51,2023,9,1,0,132.72333333333333,0,0,0,0,0,1,0,1,0,0,1,0,0,0,0,1,0,0,0,0,0
4,382.88,6,1531.52,2024,3,6,1,95.72,0,1,0,0,0,0,0,0,0,0,0,0,0,0,0,0,1,0,0,0,0
1,583.18,5,583.18,2024,5,4,0,583.18,0,0,0,1,0,0,1,0,0,0,0,0,1,0,1,0,0,0,1,0,0
4,175.36,4,701.44,2024,8,1,0,43.84,0,0,0,0,1,0,0,1,0,0,1,0,0,0,0,0,0,0,0,1,0
2,311.91,2,623.82,2025,3,0,0,155.955,0,0,0,0,0,1,0,0,0,1,0,0,0,1,1,0,0,1,0,0,0
3,589.56,6,1768.68,2023,6,1,0,196.51999999999998,0,0,0,1,0,0,0,0,0,1,0,0,1,0,1,0,0,1,0,0,0
2,394.3,6,788.6,2023,6,3,0,197.15,0,0,1,0,0,0,0,0,0,0,0,0,0,1,0,0,0,0,0,0,0
4,565.2,9,2260.8,2024,1,4,0,141.3,0,0,0,0,0,1,0,1,0,0,0,0,0,1,0,1,0,0,1,0,0
4,540.41,6,2161.64,2023,8,1,0,135.1025,0,1,0,0,0,0,1,0,0,0,0,0,0,0,1,0,0,0,0,0,1
2,165.49,4,330.98,2023,8,0,0,82.745,0,0,1,0,0,0,0,0,0,1,0,0,0,1,0,0,1,0,0,1,0
3,146.73,8,440.1899999999999,2024,9,0,0,48.91,0,0,0,0,0,1,0,0,0,0,1,0,0,0,0,0,0,0,0,0,0
5,643.03,5,3215.15,2024,6,2,0,128.606,0,0,0,0,1,0,0,0,0,1,0,0,0,0,0,0,0,0,0,0,1
3,225.11,4,675.33,2024,10,3,0,75.03666666666668,0,0,0,0,0,1,0,0,0,0,0,0,0,1,0,1,0,1,0,0,0
3,114.81,7,344.43,2025,6,3,0,38.27,1,0,0,0,0,0,0,0,1,0,0,0,0,0,1,0,0,0,1,0,0
5,455.33,8,2276.65,2025,2,1,0,91.066,0,0,0,0,1,0,1,0,0,0,0,0,0,0,0,0,0,0,1,0,0
4,182.08,4,728.32,2023,9,0,0,45.52,0,0,0,0,0,0,0,0,1,0,1,0,0,0,0,1,0,0,0,0,0
5,492.75,6,2463.75,2023,3,2,0,98.55,0,1,0,0,0,0,0,0,0,0,0,0,0,1,0,0,1,0,0,0,1
4,48.61,7,194.44,2024,6,0,0,12.1525,0,0,0,0,1,0,0,0,0,1,0,0,0,1,0,0,0,1,0,0,0
4,431.01,7,1724.04,2023,1,5,1,107.7525,1,0,0,0,0,0,1,0,0,0,0,0,1,0,1,0,0,0,0,0,1
1,531.18,6,531.18,2023,2,5,1,531.18,0,0,0,0,0,0,0,0,1,0,0,0,1,0,0,0,1,0,0,1,0
4,117.51,7,470.04,2023,3,4,0,29.3775,0,0,0,0,1,0,0,1,0,0,0,0,1,0,1,0,0,0,0,0,1
2,232.83,7,465.66,2024,6,5,1,116.415,0,0,0,1,0,0,0,0,1,0,1,0,0,0,1,0,0,0,0,1,0
5,619.52,9,3097.6,2025,1,1,0,123.904,0,0,0,0,0,1,0,1,0,0,0,1,0,0,1,0,0,0,0,0,0
2,228.54,3,457.08,2023,1,5,1,114.27,0,0,0,0,1,0,0,1,0,0,0,1,0,0,1,0,0,0,0,0,0
1,201.58,2,201.58,2025,4,5,1,201.58,0,0,0,0,1,0,0,1,0,0,0,0,0,0,0,0,1,0,0,0,0
3,664.79,6,1994.37,2023,2,4,0,221.59666666666666,0,0,0,1,0,0,0,0,0,1,1,0,0,0,1,0,0,1,0,0,0
1,381.02,6,381.02,2023,11,5,1,381.02,0,0,0,0,1,0,0,0,0,0,0,0,0,1,1,0,0,0,1,0,0
2,70.34,3,140.68,2023,3,2,0,35.17,0,1,0,0,0,0,0,0,1,0,0,0,0,0,0,0,0,0,0,0,0
4,218.43,9,873.72,2025,1,5,1,54.6075,0,0,0,1,0,0,1,0,0,0,0,0,0,0,0,1,0,0,0,0,0
1,582.04,1,582.04,2024,7,1,0,582.04,0,0,0,1,0,0,0,0,1,0,1,0,0,0,0,0,0,0,0,0,0
3,185.4,7,556.2,2024,10,3,0,61.800000000000004,0,0,0,0,1,0,0,0,1,0,0,0,0,0,1,0,0,1,0,0,0
3,465.05,3,1395.15,2023,9,4,0,155.01666666666668,1,0,0,0,0,0,1,0,0,0,0,0,0,0,0,1,0,0,0,0,0
5,670.75,8,3330.4075,2023,3,0,0,134.15,0,0,0,0,1,0,0,0,1,0,0,0,0,1,0,0,0,0,0,1,0
5,48.38,9,241.9,2024,12,5,1,9.676,0,1,0,0,0,0,0,0,1,0,1,0,0,0,0,0,1,0,0,0,0
3,592.87,3,1778.61,2023,9,6,1,197.62333333333333,1,0,0,0,0,0,0,0,1,0,0,0,0,1,0,0,0,0,0,0,1
1,220.77,5,220.77,2024,4,6,1,220.77,0,0,0,0,0,1,0,0,1,0,0,1,0,0,0,0,0,0,0,1,0
3,309.22,7,927.6600000000001,2025,5,2,0,103.07333333333334,1,0,0,0,0,0,0,0,0,1,0,0,0,0,0,0,0,0,1,0,0
1,410.6,2,410.6,2023,1,6,1,410.6,0,0,1,0,0,0,0,0,0,1,0,0,0,0,0,0,1,0,0,0,1
5,190.08,9,950.4000000000001,2024,1,2,0,38.016000000000005,0,1,0,0,0,0,0,0,0,0,0,0,0,1,0,0,0,0,0,1,0
5,498.48,8,2492.4,2025,1,0,0,99.696,0,0,1,0,0,0,0,0,0,1,0,1,0,0,0,1,0,0,1,0,0
5,374.99,9,1874.95,2023,11,0,0,74.998,0,0,0,1,0,0,0,0,0,1,0,0,0,1,0,1,0,1,0,0,0
4,291.35,6,1165.4,2023,3,6,1,72.8375,0,0,0,0,1,0,1,0,0,0,0,0,0,0,0,0,1,1,0,0,0
1,535.5,5,535.5,2023,3,2,0,535.5,0,0,0,0,0,1,0,0,1,0,0,0,0,0,0,0,1,0,0,0,1
5,502.71,7,2513.55,2023,10,0,0,100.542,0,0,0,0,1,0,0,0,1,0,0,0,0,1,0,0,0,0,1,0,0
2,534.67,7,1069.34,2025,6,2,0,267.335,1,0,0,0,0,0,0,1,0,0,0,0,0,1,0,0,0,0,0,0,1
4,629.34,4,2517.36,2023,4,1,0,157.335,0,0,0,0,0,1,0,0,0,0,0,0,0,0,0,0,1,0,0,1,0
1,410.78,1,410.78,2023,11,3,0,410.78,1,0,0,0,0,0,0,0,0,0,0,0,0,0,0,0,0,0,0,1,0
2,533.02,2,1066.04,2024,4,0,0,266.51,0,1,0,0,0,0,0,0,1,0,0,0,0,1,1,0,0,1,0,0,0
3,278.04,5,834.1200000000001,2023,7,3,0,92.68,1,0,0,0,0,0,0,0,0,1,1,0,0,0,1,0,0,0,0,1,0
4,283.79,8,1135.16,2024,7,6,1,70.9475,0,0,0,0,1,0,0,0,0,1,0,1,0,0,1,0,0,0,1,0,0
2,512.65,5,1025.3,2024,11,2,0,256.325,0,0,0,1,0,0,1,0,0,0,0,0,0,1,0,1,0,0,0,0,0
4,275.5,8,1102.0,2025,5,5,1,68.875,1,0,0,0,0,0,0,0,1,0,0,0,0,1,0,0,0,0,1,0,0
3,469.32,3,1407.96,2023,8,3,0,156.44,1,0,0,0,0,0,0,1,0,0,0,0,0,1,1,0,0,0,1,0,0
4,21.07,4,84.28,2023,2,4,0,5.2675,0,0,0,0,0,1,0,0,1,0,1,0,0,0,0,0,0,0,1,0,0
4,263.93,4,1055.72,2023,10,4,0,65.9825,0,1,0,0,0,0,0,1,0,0,0,0,0,1,0,0,0,1,0,0,0
3,501.3,3,1503.9,2025,1,2,0,167.1,1,0,0,0,0,0,0,0,0,1,0,0,0,0,0,0,1,1,0,0,0
1,84.8,5,84.8,2023,1,6,1,84.8,0,0,0,0,0,1,0,0,1,0,0,1,0,0,1,0,0,0,0,1,0
4,450.75,6,1803.0,2023,3,1,0,112.6875,0,0,0,0,0,1,1,0,0,0,0,0,0,1,0,0,1,0,0,0,0
4,302.05,6,1208.2,2025,6,4,0,75.5125,0,0,0,0,0,0,0,1,0,0,0,0,0,0,0,1,0,0,1,0,0
2,199.7,4,399.4,2025,6,0,0,99.85,0,1,0,0,0,0,0,0,0,0,0,1,0,0,1,0,0,0,0,0,0
2,68.81,5,137.62,2023,8,4,0,34.405,0,0,0,0,1,0,0,0,1,0,0,0,0,1,0,1,0,0,0,0,1
1,44.35,1,44.35,2024,4,5,1,44.35,0,1,0,0,0,0,0,0,1,0,0,0,0,0,0,1,0,0,0,1,0
2,250.98,5,501.96,2024,11,1,0,125.49,0,0,1,0,0,0,1,0,0,0,1,0,0,0,1,0,0,0,1,0,0
1,298.06,3,298.06,2023,12,3,0,298.06,0,0,0,0,0,1,0,1,0,0,0,1,0,0,0,0,1,0,1,0,0
1,583.9,1,583.9,2023,4,0,0,583.9,0,0,0,1,0,0,0,0,0,0,0,0,1,0,1,0,0,0,0,0,0
3,528.14,3,1584.42,2025,5,5,1,176.04666666666665,0,0,0,0,0,0,0,0,0,1,1,0,0,0,0,0,0,0,0,0,0
3,684.14,3,2052.42,2023,11,5,1,228.04666666666665,0,0,0,0,1,0,0,0,0,0,0,0,0,0,0,0,1,0,0,1,0
5,272.77,7,1363.85,2023,9,2,0,54.553999999999995,1,0,0,0,0,0,0,0,0,0,0,1,0,0,0,0,1,0,0,0,0
4,400.07,5,1600.28,2024,6,3,0,100.0175,0,0,0,0,0,0,0,0,0,1,0,0,0,1,1,0,0,0,0,0,1
5,219.78,8,1098.9,2023,8,4,0,43.956,1,0,0,0,0,0,1,0,0,0,0,1,0,0,1,0,0,1,0,0,0
3,146.91,6,440.73,2024,3,5,1,48.97,0,0,0,0,1,0,1,0,0,0,1,0,0,0,0,0,0,0,1,0,0
2,411.49,4,822.98,2025,4,2,0,205.745,0,0,0,0,0,1,1,0,0,0,0,0,1,0,1,0,0,0,0,1,0
2,465.18,2,930.36,2025,5,1,0,232.59,0,1,0,0,0,0,1,0,0,0,0,0,0,0,0,1,0,0,1,0,0
2,319.91,3,639.82,2024,12,6,1,159.955,0,0,0,1,0,0,1,0,0,0,0,0,0,0,0,0,1,0,1,0,0
1,217.56,3,217.56,2023,12,2,0,217.56,0,1,0,0,0,0,0,1,0,0,1,0,0,0,1,0,0,1,0,0,0
2,105.57,5,211.14,2023,12,2,0,52.785,0,0,0,1,0,0,0,1,0,0,0,0,1,0,0,0,1,0,1,0,0
5,444.76,7,2223.8,2023,12,4,0,88.952,0,0,0,0,1,0,0,1,0,0,0,0,1,0,1,0,0,0,0,0,0
2,399.04,3,798.08,2025,1,3,0,199.52,0,0,0,0,0,0,0,0,0,0,0,0,0,0,0,0,0,0,0,0,1
4,534.48,9,2137.92,2024,12,2,0,133.62,0,0,0,0,0,0,0,0,0,1,0,0,1,0,0,0,1,0,0,1,0
4,408.21,9,1632.84,2023,7,3,0,102.0525,0,0,0,1,0,0,1,0,0,0,0,1,0,0,1,0,0,0,0,1,0
1,424.4,6,424.4,2023,2,0,0,424.4,0,0,0,1,0,0,0,0,0,1,0,0,0,1,0,0,1,0,0,0,1
2,269.83,4,539.66,2024,11,4,0,134.915,0,0,0,0,0,0,0,0,0,1,1,0,0,0,0,1,0,0,0,0,0
2,564.58,4,1129.16,2025,2,4,0,282.29,0,0,1,0,0,0,0,0,0,1,0,0,1,0,0,0,1,1,0,0,0
1,331.06,5,331.06,2024,5,3,0,331.06,0,0,0,0,0,1,1,0,0,0,0,1,0,0,0,0,1,0,0,1,0
1,299.35,5,299.35,2023,10,1,0,299.35,0,0,0,0,1,0,1,0,0,0,0,0,0,0,0,0,1,0,0,0,0
4,101.32,7,405.28,2023,2,4,0,25.33,0,0,1,0,0,0,0,0,0,0,0,1,0,0,1,0,0,0,0,0,1
1,211.14,1,211.14,2024,3,4,0,211.14,0,0,1,0,0,0,1,0,0,0,0,0,0,0,0,1,0,1,0,0,0
3,65.86,8,197.58,2023,7,3,0,21.953333333333333,0,0,0,0,0,0,0,0,0,1,0,1,0,0,0,0,1,0,1,0,0
1,641.39,1,641.39,2025,6,1,0,641.39,0,0,0,0,0,1,0,0,0,1,0,0,0,0,1,0,0,0,0,0,1
5,536.58,5,2682.9,2023,12,3,0,107.316,1,0,0,0,0,0,0,0,1,0,0,1,0,0,0,1,0,0,1,0,0
2,500.29,7,1000.58,2024,9,5,1,250.145,0,0,1,0,0,0,0,0,0,1,0,0,1,0,0,0,1,0,1,0,0
3,86.29,6,258.87,2025,3,1,0,28.763333333333335,0,0,0,0,0,0,0,0,0,0,1,0,0,0,0,0,1,0,0,1,0
2,384.14,2,768.28,2023,5,5,1,192.07,0,0,0,0,0,0,0,0,0,1,0,0,1,0,0,0,1,0,0,0,0
1,594.96,6,594.96,2025,1,5,1,594.96,0,0,0,0,1,0,0,0,0,0,0,0,1,0,1,0,0,1,0,0,0
1,427.82,2,427.82,2024,4,6,1,427.82,0,0,0,0,1,0,0,0,0,1,1,0,0,0,0,0,1,0,0,0,0
4,662.94,8,2651.76,2025,4,4,0,165.735,1,0,0,0,0,0,0,0,0,0,0,0,0,0,0,1,0,0,0,1,0
2,148.22,7,296.44,2023,8,1,0,74.11,0,0,0,0,0,1,1,0,0,0,1,0,0,0,0,0,1,0,0,1,0
1,254.12,1,254.12,2025,4,6,1,254.12,0,0,0,0,1,0,0,0,0,1,1,0,0,0,0,0,1,0,0,0,0
3,664.46,4,1993.38,2024,3,6,1,221.48666666666668,0,0,0,1,0,0,0,0,0,1,1,0,0,0,0,0,0,0,1,0,0
4,600.81,9,2403.24,2024,4,1,0,150.2025,0,0,0,0,1,0,0,1,0,0,1,0,0,0,0,1,0,0,0,0,0
5,68.34,6,341.7,2025,2,5,1,13.668000000000001,0,0,0,0,0,0,0,1,0,0,0,1,0,0,0,0,1,0,0,0,1
4,430.83,8,1723.32,2025,6,5,1,107.7075,0,0,0,0,0,1,0,0,1,0,0,1,0,0,0,0,1,0,0,0,1
5,431.69,10,2158.45,2023,8,5,1,86.338,0,0,0,0,0,0,1,0,0,0,0,1,0,0,1,0,0,1,0,0,0
4,512.06,5,2048.24,2024,4,3,0,128.015,0,0,0,0,0,0,0,0,0,1,1,0,0,0,0,1,0,0,1,0,0
3,539.91,8,1619.73,2024,11,6,1,179.97,0,1,0,0,0,0,1,0,0,0,1,0,0,0,1,0,0,0,0,0,0
5,316.07,10,1580.35,2023,3,5,1,63.214,0,0,0,0,0,1,0,0,0,0,0,0,1,0,1,0,0,0,1,0,0
5,404.39,10,2021.95,2024,8,5,1,80.878,0,0,0,0,1,0,0,0,0,1,0,0,0,1,1,0,0,0,0,0,1
1,600.54,4,600.54,2025,3,2,0,600.54,1,0,0,0,0,0,0,1,0,0,0,1,0,0,0,0,1,0,1,0,0
5,186.28,8,931.4,2024,4,3,0,37.256,0,0,1,0,0,0,0,1,0,0,1,0,0,0,0,1,0,0,0,0,0
4,214.54,7,858.16,2024,4,3,0,53.635,0,0,0,0,0,1,0,0,1,0,0,0,0,0,1,0,0,0,0,0,1
1,210.7,2,210.7,2025,2,6,1,210.7,0,1,0,0,0,0,0,0,0,1,0,0,0,1,0,0,1,0,0,0,1
2,133.55,7,267.1,2023,12,3,0,66.775,0,0,0,1,0,0,0,0,0,0,0,1,0,0,0,0,0,1,0,0,0
1,590.87,6,590.87,2023,2,2,0,590.87,0,0,0,0,0,0,0,0,1,0,0,0,1,0,0,0,0,0,0,0,1
2,363.91,2,727.82,2025,3,5,1,181.955,0,0,0,0,0,0,0,0,1,0,0,0,0,1,0,0,0,0,0,0,1
5,429.45,5,2147.25,2023,7,2,0,85.89,0,0,0,0,1,0,0,0,1,0,0,0,0,0,0,0,1,0,0,0,0
3,223.7,3,671.0999999999999,2024,8,5,1,74.56666666666666,0,0,0,0,1,0,0,0,0,0,0,0,1,0,0,1,0,0,0,0,0
2,488.87,4,977.74,2025,3,5,1,244.435,0,1,0,0,0,0,0,0,0,1,0,0,0,0,0,0,0,0,1,0,0
1,645.46,5,645.46,2023,8,4,0,645.46,1,0,0,0,0,0,0,0,1,0,0,0,0,0,0,1,0,0,1,0,0
1,46.66,6,46.66,2023,7,4,0,46.66,0,0,0,0,1,0,0,0,0,0,0,0,0,0,1,0,0,0,1,0,0
1,249.57,3,249.57,2024,6,5,1,249.57,0,0,1,0,0,0,0,0,0,0,0,0,0,1,0,0,0,0,1,0,0
3,619.21,6,1857.63,2024,4,0,0,206.40333333333334,0,0,0,0,0,0,0,1,0,0,0,0,0,0,1,0,0,0,0,0,0
4,217.13,8,868.52,2025,1,4,0,54.2825,1,0,0,0,0,0,0,0,0,0,1,0,0,0,0,0,1,0,0,0,0
5,221.51,5,1107.55,2023,8,6,1,44.302,0,1,0,0,0,0,0,0,0,0,0,0,1,0,0,0,1,0,0,0,1
4,340.3,8,1361.2,2024,6,1,0,85.075,0,1,0,0,0,0,0,0,0,0,0,0,0,0,0,1,0,0,0,0,1
1,625.0,5,625.0,2025,1,3,0,625.0,0,0,0,1,0,0,0,0,0,1,0,0,1,0,0,0,1,0,1,0,0
5,433.26,9,2166.3,2025,6,5,1,86.652,0,0,0,0,0,1,1,0,0,0,1,0,0,0,0,1,0,0,1,0,0
2,674.9,4,1349.8,2023,6,6,1,337.45,0,0,1,0,0,0,0,0,0,1,0,0,0,1,0,1,0,1,0,0,0
3,253.98,3,761.9399999999999,2025,2,3,0,84.66,0,0,1,0,0,0,1,0,0,0,0,0,0,0,0,0,0,0,0,0,0
3,356.84,5,1070.52,2025,1,1,0,118.94666666666666,0,0,0,0,1,0,0,0,0,1,0,0,0,1,0,1,0,0,0,1,0
4,413.71,9,1654.84,2023,9,1,0,103.4275,0,1,0,0,0,0,0,0,1,0,0,0,0,0,0,0,0,1,0,0,0
3,147.39,3,442.17,2023,3,5,1,49.129999999999995,1,0,0,0,0,0,0,1,0,0,0,0,1,0,1,0,0,0,0,0,0
4,229.1,8,916.4,2024,4,1,0,57.275,0,1,0,0,0,0,0,0,1,0,0,0,1,0,0,0,1,0,0,0,0
1,121.96,3,121.96,2025,3,1,0,121.96,0,0,0,1,0,0,0,1,0,0,1,0,0,0,1,0,0,0,1,0,0
2,408.32,3,816.64,2024,10,1,0,204.16,1,0,0,0,0,0,0,0,0,1,0,0,0,1,0,0,0,1,0,0,0
5,187.97,9,939.85,2023,8,1,0,37.594,0,0,0,0,0,1,0,0,0,0,0,0,1,0,0,1,0,0,1,0,0
3,358.48,7,1075.44,2024,12,3,0,119.49333333333334,0,0,0,0,0,0,0,0,1,0,1,0,0,0,0,0,0,1,0,0,0
3,193.58,7,580.74,2025,1,4,0,64.52666666666667,0,0,0,0,1,0,0,0,1,0,0,1,0,0,0,0,0,0,0,0,0
1,265.38,6,265.38,2023,6,1,0,265.38,0,0,1,0,0,0,1,0,0,0,0,0,0,0,0,0,1,0,0,0,0
1,634.4,6,634.4,2023,4,3,0,634.4,0,1,0,0,0,0,0,0,0,0,0,0,0,0,0,1,0,0,0,0,0
4,305.72,5,1222.88,2024,8,2,0,76.43,1,0,0,0,0,0,0,0,0,1,1,0,0,0,1,0,0,1,0,0,0
1,303.6,5,303.6,2023,8,3,0,303.6,0,0,0,0,1,0,0,0,0,0,0,0,0,1,0,0,0,1,0,0,0
4,496.0,8,1984.0,2025,4,1,0,124.0,0,0,1,0,0,0,0,0,0,1,0,0,0,0,0,0,1,0,1,0,0
4,321.51,9,1286.04,2024,5,0,0,80.3775,1,0,0,0,0,0,0,0,0,0,0,0,1,0,1,0,0,0,1,0,0
3,112.46,6,337.38,2023,4,4,0,37.486666666666665,0,0,0,0,0,1,0,0,1,0,0,0,0,1,0,1,0,0,0,1,0
5,61.97,6,309.85,2025,5,4,0,12.394,0,1,0,0,0,0,0,0,0,0,1,0,0,0,0,1,0,0,0,0,0
2,373.17,6,746.34,2023,7,1,0,186.585,0,1,0,0,0,0,1,0,0,0,0,1,0,0,0,1,0,0,0,0,1
5,639.37,6,3196.85,2024,2,4,0,127.874,0,0,0,0,0,1,0,1,0,0,0,1,0,0,0,1,0,0,1,0,0
4,693.36,8,2773.44,2023,5,3,0,173.34,0,0,0,0,0,0,0,0,0,1,0,0,0,1,1,0,0,0,0,1,0
4,692.91,9,2771.64,2024,9,2,0,173.2275,0,0,0,1,0,0,1,0,0,0,0,1,0,0,0,1,0,0,0,1,0
4,91.46,9,365.84,2023,9,5,1,22.865,0,0,0,0,1,0,0,0,0,0,0,0,0,0,0,1,0,0,0,0,1
3,273.96,8,821.8799999999999,2024,3,2,0,91.32,0,0,0,1,0,0,0,1,0,0,0,0,1,0,0,1,0,0,1,0,0
3,588.05,8,1764.15,2025,6,4,0,196.01666666666665,1,0,0,0,0,0,0,0,1,0,1,0,0,0,1,0,0,0,0,1,0
2,365.17,4,730.34,2023,11,3,0,182.585,0,0,1,0,0,0,0,0,0,1,0,0,0,0,0,0,0,1,0,0,0
4,385.92,8,1543.68,2023,5,2,0,96.48,0,0,0,0,0,0,1,0,0,0,0,0,0,0,1,0,0,0,0,1,0
1,562.61,3,562.61,2025,3,4,0,562.61,0,0,0,0,0,1,1,0,0,0,1,0,0,0,0,0,1,1,0,0,0
4,61.91,6,247.64,2023,12,5,1,15.4775,1,0,0,0,0,0,0,0,1,0,1,0,0,0,0,0,1,0,0,0,0
4,41.9,9,167.6,2023,11,6,1,10.475,0,0,0,1,0,0,0,0,1,0,0,1,0,0,0,0,0,0,0,1,0
4,444.44,8,1777.76,2023,5,4,0,111.11,0,0,0,0,1,0,0,1,0,0,0,0,0,0,0,0,1,0,1,0,0
3,311.33,3,933.99,2024,8,5,1,103.77666666666666,0,0,0,1,0,0,0,0,0,0,0,0,0,0,0,0,1,0,0,1,0
4,236.41,7,945.64,2024,11,1,0,59.1025,0,0,0,0,1,0,0,1,0,0,0,1,0,0,0,1,0,0,1,0,0
1,65.45,2,65.45,2023,2,0,0,65.45,1,0,0,0,0,0,0,0,0,0,0,1,0,0,0,0,1,0,1,0,0
1,318.81,3,318.81,2023,1,6,1,318.81,0,0,1,0,0,0,0,1,0,0,0,1,0,0,0,0,1,0,0,0,0
3,583.72,5,1751.16,2024,3,3,0,194.57333333333335,0,0,1,0,0,0,1,0,0,0,0,0,0,1,0,0,0,1,0,0,0
4,384.32,6,1537.28,2024,12,4,0,96.08,1,0,0,0,0,0,1,0,0,0,0,1,0,0,0,0,1,0,1,0,0
3,538.74,6,1616.22,2024,12,2,0,179.58,0,0,0,0,0,1,0,0,0,1,0,0,0,1,0,0,0,0,0,0,0
1,17.24,2,17.24,2023,7,2,0,17.24,0,0,0,0,0,1,0,0,0,1,0,1,0,0,0,0,0,0,0,1,0
5,615.67,6,3078.35,2023,5,1,0,123.13399999999999,0,0,0,0,0,0,0,0,0,1,0,1,0,0,0,1,0,0,0,0,0
2,219.1,4,438.2,2023,5,1,0,109.55,0,0,0,0,1,0,0,0,0,1,0,1,0,0,0,1,0,0,0,0,1
2,144.66,7,289.32,2025,5,4,0,72.33,0,0,0,0,0,0,0,0,0,1,0,0,0,0,0,0,0,0,1,0,0
2,317.77,4,635.54,2023,2,3,0,158.885,1,0,0,0,0,0,0,1,0,0,0,0,0,0,0,0,1,1,0,0,0
1,223.3,1,223.3,2025,4,6,1,223.3,0,1,0,0,0,0,0,0,0,1,0,0,1,0,1,0,0,1,0,0,0
2,342.11,2,684.22,2024,8,4,0,171.055,1,0,0,0,0,0,0,0,1,0,0,0,0,1,0,0,1,0,0,1,0
2,220.9,4,441.8,2023,7,3,0,110.45,0,0,0,0,1,0,0,0,1,0,0,0,0,1,1,0,0,0,0,0,0
1,670.54,6,670.54,2023,7,6,1,670.54,0,1,0,0,0,0,0,0,0,0,0,0,0,1,0,0,0,0,0,0,1
1,546.19,5,546.19,2024,2,2,0,546.19,0,0,0,0,1,0,0,0,0,0,0,1,0,0,0,0,0,0,0,0,1
3,42.95,8,128.85,2023,4,2,0,14.316666666666668,1,0,0,0,0,0,0,0,1,0,0,0,1,0,0,1,0,0,0,0,0
4,14.69,9,58.76,2025,5,3,0,3.6725,0,0,1,0,0,0,0,0,0,0,0,0,0,0,1,0,0,0,0,0,0
4,668.36,5,2673.44,2024,9,4,0,167.09,0,0,0,1,0,0,0,0,1,0,0,0,0,0,0,0,0,1,0,0,0
4,413.74,7,1654.96,2024,3,5,1,103.435,0,0,0,0,0,0,0,0,1,0,0,0,1,0,0,0,0,0,0,1,0
3,263.19,5,789.5699999999999,2023,12,1,0,87.73,0,0,1,0,0,0,0,0,0,1,1,0,0,0,1,0,0,0,0,1,0
1,263.96,2,263.96,2024,5,0,0,263.96,0,0,1,0,0,0,0,0,1,0,0,0,1,0,0,1,0,0,1,0,0
5,75.81,10,379.05,2025,6,0,0,15.162,0,0,0,0,0,0,0,0,1,0,0,0,1,0,0,0,1,0,0,1,0
1,406.22,5,406.22,2024,4,1,0,406.22,0,0,0,1,0,0,1,0,0,0,0,0,0,0,0,1,0,0,0,0,1
2,103.41,2,206.82,2024,2,0,0,51.705,0,0,0,0,0,1,0,0,0,1,0,0,0,1,0,0,0,0,0,0,1
4,435.12,9,1740.48,2023,6,6,1,108.78,0,0,0,0,0,0,1,0,0,0,1,0,0,0,0,1,0,0,0,1,0
2,407.79,3,815.58,2023,5,2,0,203.895,0,0,1,0,0,0,0,1,0,0,0,0,0,1,1,0,0,0,1,0,0
5,173.65,9,868.25,2025,5,2,0,34.730000000000004,0,0,0,1,0,0,0,0,1,0,1,0,0,0,0,1,0,0,0,0,0
4,249.07,5,996.28,2023,1,1,0,62.2675,0,0,0,1,0,0,1,0,0,0,0,0,1,0,0,0,1,0,0,0,1
4,434.85,4,1739.4,2023,3,5,1,108.7125,0,0,0,1,0,0,1,0,0,0,0,1,0,0,0,0,1,0,1,0,0
1,436.77,5,436.77,2024,8,5,1,436.77,0,0,0,0,0,1,0,0,0,0,0,0,1,0,0,0,0,0,1,0,0
1,572.13,4,572.13,2023,12,4,0,572.13,0,0,0,0,1,0,0,1,0,0,0,0,0,0,0,1,0,0,1,0,0
4,583.07,6,2332.28,2024,6,5,1,145.7675,0,0,0,0,0,0,1,0,0,0,0,0,0,0,0,0,0,0,0,0,1
5,468.51,9,2342.55,2025,4,3,0,93.702,0,0,0,0,0,0,0,1,0,0,1,0,0,0,1,0,0,1,0,0,0
2,423.88,7,847.76,2023,8,4,0,211.94,0,0,0,1,0,0,0,1,0,0,1,0,0,0,0,1,0,0,0,0,1
4,663.67,7,2654.68,2023,11,5,1,165.9175,0,0,0,0,0,1,1,0,0,0,0,1,0,0,0,0,0,0,1,0,0
4,309.91,5,1239.64,2023,6,6,1,77.4775,0,0,0,0,1,0,0,1,0,0,0,0,0,1,0,0,1,0,1,0,0
1,542.07,6,542.07,2023,3,1,0,542.07,0,0,1,0,0,0,0,0,0,0,0,0,0,1,0,0,1,0,0,0,1
2,399.32,6,798.64,2023,9,1,0,199.66,0,0,0,0,0,0,0,0,0,1,0,1,0,0,0,0,1,0,0,1,0
2,238.25,7,476.5,2024,10,6,1,119.125,0,0,0,0,0,1,0,0,0,1,0,0,0,0,0,0,0,0,0,0,0
2,182.4,5,364.8,2023,2,5,1,91.2,0,0,0,1,0,0,0,0,1,0,0,0,0,0,0,1,0,0,0,0,1
2,65.07,4,130.14,2023,11,5,1,32.535,0,0,0,0,0,0,1,0,0,0,0,0,0,0,0,1,0,0,1,0,0
2,600.57,3,1201.14,2025,3,5,1,300.285,0,0,0,0,1,0,0,1,0,0,0,0,1,0,0,0,1,0,0,1,0
5,90.92,9,454.6,2024,9,0,0,18.184,0,0,0,0,0,0,1,0,0,0,1,0,0,0,0,1,0,1,0,0,0
5,362.46,6,1812.3,2024,11,0,0,72.49199999999999,0,1,0,0,0,0,0,0,0,0,1,0,0,0,0,0,0,0,0,1,0
3,55.01,7,165.03,2023,10,4,0,18.336666666666666,0,0,0,0,0,0,0,0,0,1,0,1,0,0,0,0,1,0,0,0,0
3,404.62,6,1213.86,2023,3,0,0,134.87333333333333,0,0,0,0,0,1,0,0,1,0,1,0,0,0,0,0,0,0,0,1,0
4,654.79,9,2619.16,2023,7,3,0,163.6975,1,0,0,0,0,0,0,0,0,0,0,1,0,0,1,0,0,0,0,0,1
4,637.79,9,2551.16,2025,4,1,0,159.4475,0,0,0,0,1,0,0,0,1,0,0,0,0,0,0,0,0,0,1,0,0
4,540.33,6,2161.32,2025,2,4,0,135.0825,0,1,0,0,0,0,0,0,0,0,0,0,0,1,1,0,0,0,1,0,0
5,208.17,6,1040.85,2023,2,3,0,41.634,0,1,0,0,0,0,1,0,0,0,0,0,1,0,0,1,0,1,0,0,0
1,338.31,3,338.31,2025,6,1,0,338.31,0,0,0,1,0,0,0,0,0,1,1,0,0,0,1,0,0,0,1,0,0
3,139.45,8,418.35,2025,4,0,0,46.48333333333333,0,0,1,0,0,0,0,0,1,0,0,0,1,0,0,0,1,0,1,0,0
4,655.18,5,2620.72,2023,11,4,0,163.795,0,0,0,0,0,0,0,0,0,1,0,0,0,1,1,0,0,1,0,0,0
4,512.75,8,2051.0,2023,3,6,1,128.1875,0,1,0,0,0,0,0,1,0,0,0,0,1,0,0,0,1,0,1,0,0
4,160.49,8,641.96,2023,7,2,0,40.1225,0,0,0,0,0,0,1,0,0,0,0,0,0,1,0,0,1,0,0,0,1
3,99.9,8,299.7,2023,5,4,0,33.300000000000004,0,0,0,0,0,0,0,0,0,0,1,0,0,0,0,0,0,1,0,0,0
2,345.01,6,690.02,2024,5,6,1,172.505,0,0,0,1,0,0,1,0,0,0,1,0,0,0,0,0,0,0,1,0,0
1,65.95,5,65.95,2025,1,2,0,65.95,0,0,1,0,0,0,1,0,0,0,1,0,0,0,1,0,0,1,0,0,0
4,463.04,9,1852.16,2023,2,3,0,115.76,0,0,0,0,0,1,0,0,1,0,0,0,1,0,1,0,0,0,0,1,0
2,297.71,7,595.42,2025,4,1,0,148.855,0,0,0,1,0,0,0,0,0,1,0,0,0,1,0,1,0,0,0,0,1
5,107.48,9,537.4,2023,1,2,0,21.496000000000002,0,0,0,0,1,0,0,1,0,0,0,0,0,0,0,0,0,0,0,0,0
5,638.8,10,3194.0,2024,6,2,0,127.75999999999999,1,0,0,0,0,0,0,1,0,0,0,0,0,0,0,0,1,0,0,0,1
2,493.88,7,987.76,2023,2,2,0,246.94,1,0,0,0,0,0,1,0,0,0,0,0,1,0,0,1,0,0,0,1,0
4,301.17,6,1204.68,2023,12,1,0,75.2925,0,0,0,0,1,0,0,0,0,1,0,0,0,0,1,0,0,0,0,0,0
1,278.66,2,278.66,2024,1,5,1,278.66,0,0,1,0,0,0,0,0,1,0,0,0,0,0,0,0,0,0,0,1,0
1,287.46,3,287.46,2024,9,0,0,287.46,0,0,0,1,0,0,0,1,0,0,0,0,1,0,0,0,0,1,0,0,0
1,583.99,2,583.99,2023,5,3,0,583.99,0,0,0,0,0,0,0,0,0,0,0,0,0,0,0,1,0,0,0,0,0
3,468.74,4,1406.22,2023,5,1,0,156.24666666666667,0,0,0,0,0,0,0,0,0,0,0,1,0,0,0,0,0,0,0,1,0
1,30.54,1,30.54,2024,12,5,1,30.54,0,0,0,0,0,1,0,1,0,0,0,0,1,0,1,0,0,0,1,0,0
5,408.73,10,2043.65,2024,10,4,0,81.74600000000001,0,0,1,0,0,0,0,0,1,0,1,0,0,0,0,0,0,0,0,1,0
4,126.89,9,507.56,2023,11,5,1,31.7225,0,1,0,0,0,0,0,0,0,0,0,1,0,0,0,0,0,0,0,1,0
2,57.07,3,114.14,2024,6,4,0,28.535,0,0,0,0,1,0,0,1,0,0,0,0,1,0,0,1,0,0,0,1,0
3,557.41,4,1672.23,2023,7,5,1,185.8033333333333,0,1,0,0,0,0,0,0,0,1,1,0,0,0,1,0,0,0,0,0,0
3,448.9,7,1346.7,2023,12,0,0,149.63333333333333,0,0,0,0,1,0,0,1,0,0,0,0,1,0,0,1,0,0,0,1,0
4,549.76,4,2199.04,2023,10,1,0,137.44,0,0,0,0,0,0,0,1,0,0,1,0,0,0,0,0,0,1,0,0,0
3,132.48,4,397.4399999999999,2024,2,5,1,44.16,0,0,0,0,1,0,0,0,0,1,0,0,0,1,1,0,0,0,0,0,1
5,489.37,8,2446.85,2025,5,5,1,97.874,1,0,0,0,0,0,0,0,0,1,0,0,1,0,1,0,0,0,0,1,0
5,66.31,7,331.55,2025,5,5,1,13.262,0,0,0,0,1,0,0,0,1,0,0,1,0,0,0,0,0,0,0,0,1
2,434.3,7,868.6,2023,7,6,1,217.15,0,0,0,0,0,0,0,0,0,0,1,0,0,0,0,1,0,0,0,1,0
4,153.09,4,612.36,2023,10,2,0,38.2725,1,0,0,0,0,0,0,0,0,1,1,0,0,0,0,0,0,0,0,0,1
5,91.67,9,458.35,2025,5,0,0,18.334,0,0,0,0,0,1,0,0,0,1,0,0,0,0,0,0,0,0,0,0,0
4,275.28,9,1101.12,2023,10,0,0,68.82,1,0,0,0,0,0,0,0,1,0,0,0,0,1,0,0,1,1,0,0,0
2,139.95,5,279.9,2023,4,0,0,69.975,0,0,1,0,0,0,0,0,0,1,0,0,1,0,1,0,0,0,0,1,0
3,148.72,7,446.16,2024,7,5,1,49.57333333333333,0,0,0,0,0,0,0,1,0,0,0,0,0,0,0,1,0,0,1,0,0
2,563.06,6,1126.12,2023,12,5,1,281.53,0,1,0,0,0,0,0,0,0,0,0,0,1,0,1,0,0,0,0,1,0
1,625.51,1,625.51,2024,12,3,0,625.51,0,0,0,0,1,0,1,0,0,0,0,0,0,1,0,0,0,1,0,0,0
4,152.29,6,609.16,2023,8,2,0,38.0725,0,0,0,1,0,0,0,1,0,0,0,0,0,0,0,0,1,0,1,0,0
5,231.82,6,1159.1,2024,6,4,0,46.364,0,0,0,1,0,0,0,1,0,0,1,0,0,0,0,1,0,1,0,0,0
1,150.17,1,150.17,2025,1,6,1,150.17,0,1,0,0,0,0,0,1,0,0,0,0,1,0,0,1,0,0,0,0,1
3,70.93,5,212.79,2024,6,3,0,23.643333333333334,0,0,0,0,0,1,0,1,0,0,0,0,1,0,1,0,0,0,0,0,1
3,361.39,8,1084.17,2023,6,3,0,120.46333333333332,1,0,0,0,0,0,1,0,0,0,0,0,0,1,1,0,0,0,0,0,1
5,670.48,5,3330.4075,2024,7,0,0,134.096,0,1,0,0,0,0,0,0,1,0,0,0,1,0,0,1,0,1,0,0,0
1,359.99,5,359.99,2023,7,1,0,359.99,0,0,0,1,0,0,0,0,1,0,0,0,0,0,0,1,0,0,0,0,0
5,674.04,7,3330.4075,2023,2,1,0,134.808,0,0,0,0,0,1,0,0,0,1,0,0,0,0,0,1,0,0,1,0,0
4,283.16,6,1132.64,2024,12,2,0,70.79,0,0,0,0,0,0,1,0,0,0,0,0,0,1,1,0,0,0,1,0,0
5,260.53,5,1302.65,2024,6,6,1,52.105999999999995,1,0,0,0,0,0,0,0,1,0,0,1,0,0,0,1,0,0,0,1,0
3,422.13,7,1266.39,2023,4,5,1,140.71,0,0,0,0,1,0,0,0,0,1,1,0,0,0,0,1,0,1,0,0,0
5,125.02,9,625.1,2024,7,2,0,25.003999999999998,1,0,0,0,0,0,0,1,0,0,0,1,0,0,0,1,0,0,1,0,0
1,198.51,5,198.51,2024,4,1,0,198.51,0,0,0,1,0,0,1,0,0,0,0,0,1,0,0,0,1,0,0,1,0
4,224.75,7,899.0,2024,3,1,0,56.1875,0,0,0,0,0,0,0,0,0,1,1,0,0,0,0,0,1,1,0,0,0
3,205.86,4,617.58,2025,3,0,0,68.62,0,0,0,0,0,1,0,0,1,0,0,0,0,1,1,0,0,0,0,0,0
1,18.2,4,18.2,2023,12,4,0,18.2,0,1,0,0,0,0,0,1,0,0,0,1,0,0,0,1,0,0,0,1,0
3,502.77,8,1508.31,2023,5,0,0,167.59,0,0,0,0,0,1,0,1,0,0,0,0,1,0,0,0,1,0,0,0,0
5,305.49,10,1527.45,2023,11,2,0,61.098,0,0,0,1,0,0,0,1,0,0,0,0,0,1,1,0,0,0,0,0,1
2,236.33,3,472.66,2024,4,2,0,118.165,0,0,0,0,1,0,0,0,0,1,0,1,0,0,0,1,0,0,0,1,0
5,521.25,8,2606.25,2023,4,6,1,104.25,0,1,0,0,0,0,0,0,0,0,0,0,0,0,1,0,0,0,0,0,0
1,167.15,5,167.15,2024,9,0,0,167.15,0,0,0,0,0,1,0,0,1,0,0,0,0,1,0,0,1,0,0,0,0
5,466.42,5,2332.1,2025,6,1,0,93.284,0,0,1,0,0,0,0,0,1,0,0,0,1,0,1,0,0,0,0,0,1
1,527.57,3,527.57,2023,2,6,1,527.57,0,0,0,0,1,0,0,1,0,0,0,1,0,0,0,0,0,1,0,0,0
3,623.34,3,1870.02,2025,3,3,0,207.78,0,0,0,0,0,1,0,0,0,1,0,0,0,0,0,1,0,0,0,1,0
5,501.26,10,2506.3,2023,12,3,0,100.252,0,0,0,0,0,1,0,0,1,0,0,0,0,1,0,0,0,0,0,0,1
1,655.09,6,655.09,2024,12,4,0,655.09,0,0,0,0,0,1,0,0,0,0,0,1,0,0,1,0,0,0,0,0,1
4,264.79,5,1059.16,2024,2,5,1,66.1975,0,0,0,0,1,0,1,0,0,0,0,1,0,0,0,1,0,0,1,0,0
3,359.73,7,1079.19,2024,3,2,0,119.91000000000001,0,1,0,0,0,0,0,1,0,0,0,0,1,0,0,0,0,0,0,0,0
1,465.33,2,465.33,2023,11,3,0,465.33,0,0,0,0,0,0,0,0,1,0,1,0,0,0,0,0,0,0,1,0,0
2,54.41,6,108.82,2023,6,5,1,27.205,0,0,0,0,0,0,0,0,0,1,0,0,0,1,1,0,0,0,0,1,0
1,64.66,4,64.66,2025,2,5,1,64.66,0,1,0,0,0,0,0,1,0,0,1,0,0,0,1,0,0,0,0,1,0
5,173.96,8,869.8000000000001,2023,8,3,0,34.792,0,0,0,0,0,0,0,1,0,0,0,1,0,0,0,0,1,0,0,1,0
1,630.82,5,630.82,2025,3,4,0,630.82,0,0,0,0,0,1,0,0,0,1,1,0,0,0,0,0,0,0,1,0,0
1,693.41,4,693.41,2023,7,1,0,693.41,0,0,0,1,0,0,0,1,0,0,0,0,0,1,1,0,0,0,0,1,0
3,433.33,4,1299.99,2025,6,1,0,144.44333333333333,0,0,0,0,0,1,1,0,0,0,0,0,0,0,0,0,0,0,0,0,1
5,374.58,10,1872.9,2023,5,5,1,74.916,0,0,0,0,1,0,0,0,1,0,0,0,0,0,0,0,0,0,0,1,0
5,408.56,8,2042.8,2023,7,5,1,81.712,0,1,0,0,0,0,0,1,0,0,1,0,0,0,0,0,0,0,0,1,0
2,183.67,3,367.34,2024,4,6,1,91.835,0,0,0,0,0,1,0,0,0,1,0,0,0,0,0,1,0,0,1,0,0
4,606.57,5,2426.28,2023,6,4,0,151.6425,1,0,0,0,0,0,0,1,0,0,1,0,0,0,0,0,1,0,0,0,1
4,589.57,8,2358.28,2024,6,3,0,147.3925,0,0,0,1,0,0,0,0,0,0,0,1,0,0,1,0,0,0,0,1,0
5,659.85,9,3299.25,2024,6,5,1,131.97,0,0,0,0,1,0,1,0,0,0,1,0,0,0,0,1,0,1,0,0,0
4,206.84,5,827.36,2023,6,1,0,51.71,0,0,1,0,0,0,0,0,0,0,0,0,0,0,0,0,1,0,0,1,0
5,113.87,6,569.35,2024,5,4,0,22.774,0,1,0,0,0,0,1,0,0,0,0,1,0,0,0,1,0,0,0,0,0
5,628.74,9,3143.7,2023,11,4,0,125.748,0,0,0,1,0,0,0,0,0,0,0,0,0,0,0,0,0,1,0,0,0
1,678.38,4,678.38,2025,2,4,0,678.38,0,0,0,1,0,0,1,0,0,0,0,0,0,0,0,1,0,0,0,0,1
3,602.24,8,1806.72,2023,2,4,0,200.74666666666667,0,0,0,0,1,0,0,1,0,0,0,1,0,0,1,0,0,0,0,0,1
5,658.77,10,3293.85,2024,4,3,0,131.754,0,1,0,0,0,0,0,0,1,0,0,1,0,0,0,0,0,0,0,1,0
3,271.02,6,813.06,2023,5,0,0,90.33999999999999,0,0,1,0,0,0,1,0,0,0,0,0,0,0,1,0,0,0,1,0,0
5,375.25,9,1876.25,2024,12,6,1,75.05,0,0,1,0,0,0,0,0,1,0,0,1,0,0,0,1,0,0,0,0,0
1,312.11,4,312.11,2025,5,5,1,312.11,0,0,0,1,0,0,0,0,0,1,0,0,0,0,0,0,1,1,0,0,0
5,307.76,9,1538.8,2023,1,3,0,61.552,0,0,0,1,0,0,0,0,1,0,0,1,0,0,0,0,0,0,1,0,0
3,483.53,4,1450.59,2025,2,4,0,161.17666666666665,0,0,0,0,0,0,0,0,0,0,0,0,1,0,1,0,0,0,0,0,1
3,341.15,4,1023.45,2023,1,0,0,113.71666666666665,0,1,0,0,0,0,0,0,0,0,0,1,0,0,0,0,0,0,0,1,0
1,571.9,1,571.9,2024,9,0,0,571.9,0,0,1,0,0,0,0,0,1,0,0,1,0,0,0,0,1,0,0,1,0
4,95.03,8,380.12,2025,1,3,0,23.7575,0,0,1,0,0,0,0,0,0,1,0,0,0,1,0,0,0,1,0,0,0
5,201.22,6,1006.1,2023,8,3,0,40.244,0,0,1,0,0,0,0,1,0,0,0,1,0,0,0,0,0,1,0,0,0
1,260.26,5,260.26,2024,7,0,0,260.26,0,0,1,0,0,0,0,0,0,1,0,1,0,0,0,0,1,0,0,1,0
5,64.5,8,322.5,2024,2,3,0,12.9,0,0,0,0,0,0,1,0,0,0,0,1,0,0,0,0,1,0,0,1,0
3,297.67,6,893.01,2024,9,5,1,99.22333333333334,0,0,0,1,0,0,0,0,0,1,0,0,0,1,1,0,0,0,1,0,0
4,331.9,5,1327.6,2024,4,5,1,82.975,0,0,0,0,1,0,0,0,0,0,0,1,0,0,0,1,0,0,0,1,0
1,191.76,1,191.76,2023,6,2,0,191.76,0,0,0,0,0,0,1,0,0,0,0,0,1,0,0,0,0,0,0,1,0
4,263.09,8,1052.36,2025,1,3,0,65.7725,0,0,0,0,1,0,0,1,0,0,0,0,0,1,0,1,0,0,1,0,0
4,393.8,7,1575.2,2023,1,4,0,98.45,0,0,0,0,0,0,1,0,0,0,0,1,0,0,0,1,0,0,0,0,0
3,553.57,4,1660.71,2024,11,6,1,184.52333333333334,0,0,0,0,0,0,1,0,0,0,0,0,1,0,0,0,0,1,0,0,0
5,191.63,6,958.15,2023,10,1,0,38.326,0,0,0,0,0,0,0,0,1,0,1,0,0,0,0,0,0,1,0,0,0
1,93.02,4,93.02,2023,4,4,0,93.02,0,0,0,0,0,1,0,0,0,1,0,0,1,0,1,0,0,0,0,0,0
2,39.53,3,79.06,2024,6,3,0,19.765,0,0,0,0,1,0,1,0,0,0,0,0,0,1,0,0,1,0,1,0,0
3,633.97,7,1901.91,2023,12,3,0,211.32333333333335,0,0,0,0,1,0,0,0,0,0,0,1,0,0,0,0,1,1,0,0,0
4,697.5,7,2790.0,2023,12,6,1,174.375,1,0,0,0,0,0,0,0,0,0,0,0,0,1,0,0,0,0,0,0,1
5,508.69,10,2543.45,2023,7,4,0,101.738,0,0,0,0,1,0,0,0,0,0,1,0,0,0,0,0,0,0,1,0,0
2,527.46,3,1054.92,2025,1,3,0,263.73,0,1,0,0,0,0,0,1,0,0,0,0,0,0,0,0,0,0,0,0,1
1,627.2,1,627.2,2024,2,2,0,627.2,0,0,0,1,0,0,0,0,0,1,1,0,0,0,0,0,1,0,0,0,0
1,75.01,3,75.01,2024,7,6,1,75.01,0,0,0,0,1,0,1,0,0,0,0,0,1,0,1,0,0,0,1,0,0
5,529.55,10,2647.75,2023,7,2,0,105.91,1,0,0,0,0,0,0,0,1,0,0,0,0,1,1,0,0,1,0,0,0
3,127.41,7,382.23,2025,4,4,0,42.47,0,0,0,1,0,0,0,0,1,0,1,0,0,0,0,1,0,0,0,0,1
5,287.13,10,1435.65,2023,12,4,0,57.426,0,0,0,0,0,1,0,0,0,1,0,0,0,1,0,1,0,0,0,0,0
1,427.06,1,427.06,2023,9,3,0,427.06,0,0,1,0,0,0,0,0,0,1,0,0,0,0,0,0,1,0,0,0,1
5,53.93,7,269.65,2024,9,2,0,10.786,0,0,0,1,0,0,0,0,1,0,0,0,0,1,0,1,0,0,0,1,0
5,423.93,5,2119.65,2024,1,6,1,84.786,0,0,0,0,0,1,0,1,0,0,0,0,1,0,0,0,0,1,0,0,0
4,160.22,9,640.88,2024,9,5,1,40.055,1,0,0,0,0,0,0,1,0,0,0,0,1,0,0,0,1,0,0,1,0
1,538.68,6,538.68,2025,4,2,0,538.68,0,0,0,0,1,0,0,1,0,0,0,0,1,0,1,0,0,0,0,0,1
5,337.38,5,1686.9,2023,4,6,1,67.476,0,0,0,0,1,0,0,0,1,0,0,0,0,1,1,0,0,0,0,0,1
1,620.21,1,620.21,2024,11,6,1,620.21,0,0,0,0,0,1,0,0,0,1,0,0,1,0,0,0,0,0,0,0,1
2,99.1,6,198.2,2023,3,3,0,49.55,0,0,1,0,0,0,0,0,0,0,1,0,0,0,1,0,0,0,0,1,0
4,451.97,7,1807.88,2025,1,6,1,112.9925,0,0,1,0,0,0,0,0,0,1,0,0,0,0,0,0,1,0,0,0,0
4,66.1,9,264.4,2023,12,6,1,16.525,0,0,0,0,0,1,0,0,0,0,0,0,1,0,0,0,1,0,1,0,0
4,547.32,8,2189.28,2023,8,6,1,136.83,0,0,0,0,0,1,0,0,0,0,0,0,1,0,0,0,0,0,0,1,0
3,412.53,6,1237.59,2025,1,2,0,137.51,0,0,0,0,1,0,0,0,0,1,0,1,0,0,0,0,1,0,1,0,0
5,84.13,9,420.65,2023,6,2,0,16.826,1,0,0,0,0,0,0,0,0,1,1,0,0,0,0,1,0,0,1,0,0
2,518.23,5,1036.46,2024,1,3,0,259.115,0,0,0,0,0,1,0,1,0,0,0,0,0,1,1,0,0,0,0,0,0
2,39.51,5,79.02,2024,6,2,0,19.755,1,0,0,0,0,0,0,0,0,1,0,0,0,1,1,0,0,1,0,0,0
5,133.01,10,665.05,2025,4,4,0,26.601999999999997,0,0,0,0,0,1,1,0,0,0,0,0,1,0,1,0,0,1,0,0,0
1,118.8,6,118.8,2023,10,6,1,118.8,0,0,0,0,0,1,0,0,0,1,1,0,0,0,0,1,0,0,0,0,0
2,139.57,4,279.14,2025,5,6,1,69.785,1,0,0,0,0,0,0,0,0,0,1,0,0,0,0,0,1,1,0,0,0
1,184.15,5,184.15,2025,4,6,1,184.15,0,0,0,0,0,0,0,0,1,0,0,0,0,1,0,0,0,1,0,0,0
2,644.05,5,1288.1,2023,7,1,0,322.025,0,1,0,0,0,0,0,0,1,0,0,0,0,0,0,0,1,0,0,0,1
5,55.41,5,277.05,2023,10,1,0,11.081999999999999,0,1,0,0,0,0,0,0,0,1,0,0,0,0,1,0,0,0,1,0,0
1,310.93,3,310.93,2023,1,2,0,310.93,0,0,0,0,1,0,0,0,0,1,0,0,0,0,1,0,0,1,0,0,0
2,216.66,6,433.32,2024,4,2,0,108.33,0,0,0,0,0,1,0,1,0,0,0,1,0,0,0,0,0,0,0,1,0
1,452.7,5,452.7,2024,11,4,0,452.7,0,0,0,1,0,0,0,1,0,0,0,0,0,1,0,0,0,0,0,1,0
2,288.21,5,576.42,2023,10,6,1,144.105,0,0,0,0,0,0,0,1,0,0,0,0,0,0,1,0,0,0,0,0,0
4,206.6,6,826.4,2023,6,0,0,51.65,0,0,0,1,0,0,0,0,1,0,0,0,1,0,0,0,1,0,0,0,1
4,685.2,6,2740.8,2024,7,5,1,171.3,0,0,0,0,1,0,0,0,1,0,0,0,0,0,0,0,1,0,1,0,0
5,22.94,10,114.7,2023,4,2,0,4.588,0,0,0,0,0,0,0,0,0,0,0,1,0,0,1,0,0,0,0,0,0
2,301.88,5,603.76,2023,3,3,0,150.94,0,1,0,0,0,0,0,0,1,0,0,0,1,0,0,0,1,0,0,0,0
5,57.45,10,287.25,2025,3,6,1,11.49,0,0,1,0,0,0,0,0,0,0,0,0,0,0,1,0,0,1,0,0,0
1,161.24,3,161.24,2024,12,2,0,161.24,1,0,0,0,0,0,1,0,0,0,0,1,0,0,0,0,1,0,0,1,0
4,262.58,8,1050.32,2024,11,1,0,65.645,0,0,0,0,0,0,0,0,0,1,0,0,0,0,0,0,1,0,0,0,0
4,515.19,9,2060.76,2024,12,3,0,128.7975,0,0,0,0,1,0,1,0,0,0,0,1,0,0,0,1,0,1,0,0,0
1,450.07,6,450.07,2023,6,2,0,450.07,0,0,0,1,0,0,0,0,1,0,0,0,0,1,0,0,0,0,1,0,0
1,52.54,6,52.54,2024,10,6,1,52.54,0,0,0,0,1,0,0,1,0,0,0,0,0,0,0,0,1,1,0,0,0
2,424.32,6,848.64,2023,9,0,0,212.16,0,0,0,0,0,1,1,0,0,0,0,0,1,0,1,0,0,0,0,0,1
3,631.64,3,1894.92,2023,8,5,1,210.54666666666665,0,0,1,0,0,0,1,0,0,0,0,0,1,0,0,0,0,1,0,0,0
5,327.68,6,1638.4,2023,10,6,1,65.536,0,0,0,0,1,0,1,0,0,0,0,0,1,0,1,0,0,1,0,0,0
1,414.47,3,414.47,2023,5,5,1,414.47,0,0,0,0,1,0,0,1,0,0,0,0,1,0,0,0,0,0,0,1,0
4,221.33,5,885.32,2023,2,5,1,55.3325,0,1,0,0,0,0,0,0,0,1,0,1,0,0,1,0,0,0,1,0,0
1,512.39,2,512.39,2024,4,3,0,512.39,0,0,0,1,0,0,0,0,0,1,1,0,0,0,0,0,0,0,0,1,0
3,459.34,3,1378.02,2025,1,4,0,153.11333333333332,0,0,0,0,0,1,0,0,1,0,0,1,0,0,0,1,0,0,0,1,0
1,146.32,4,146.32,2024,9,6,1,146.32,0,0,0,0,0,1,0,0,0,1,0,0,0,1,0,0,1,1,0,0,0
4,83.6,4,334.4,2024,11,1,0,20.9,1,0,0,0,0,0,0,1,0,0,0,1,0,0,0,1,0,1,0,0,0
2,328.54,6,657.08,2023,12,2,0,164.27,0,0,0,0,1,0,0,0,1,0,0,0,1,0,0,0,0,0,0,0,0
5,314.94,8,1574.7,2024,5,0,0,62.988,0,0,0,0,0,0,0,0,0,0,0,1,0,0,0,1,0,0,0,1,0
2,69.64,6,139.28,2024,5,1,0,34.82,0,0,0,0,0,0,0,0,0,0,0,0,1,0,1,0,0,1,0,0,0
1,135.17,6,135.17,2024,6,5,1,135.17,0,0,0,0,1,0,0,0,0,1,0,0,0,1,0,0,0,0,0,1,0
1,487.21,3,487.21,2024,3,5,1,487.21,0,0,0,1,0,0,0,0,0,0,1,0,0,0,0,1,0,0,0,0,1
5,509.58,6,2547.9,2023,10,2,0,101.916,0,1,0,0,0,0,0,0,0,1,1,0,0,0,0,0,0,0,0,1,0
2,416.81,2,833.62,2024,4,6,1,208.405,0,0,0,0,1,0,0,0,0,0,0,0,1,0,1,0,0,1,0,0,0
2,160.0,4,320.0,2023,9,0,0,80.0,0,1,0,0,0,0,0,0,0,0,0,1,0,0,0,1,0,0,0,1,0
3,253.05,3,759.1500000000001,2024,8,0,0,84.35000000000001,0,0,0,0,0,1,0,0,0,1,0,1,0,0,1,0,0,0,0,1,0
5,615.1,10,3075.5,2024,1,0,0,123.02000000000001,0,0,1,0,0,0,0,0,1,0,0,0,1,0,0,0,1,0,0,1,0
1,183.18,6,183.18,2023,4,5,1,183.18,0,0,1,0,0,0,0,1,0,0,0,0,0,0,0,1,0,0,0,0,0
1,75.78,5,75.78,2023,7,6,1,75.78,0,0,0,0,1,0,0,0,0,0,0,1,0,0,0,1,0,0,1,0,0
1,675.57,1,675.57,2025,5,4,0,675.57,0,0,0,0,0,1,0,0,0,0,0,0,0,1,0,0,1,1,0,0,0
1,109.29,5,109.29,2024,11,2,0,109.29,0,1,0,0,0,0,0,1,0,0,0,0,0,0,0,0,0,0,1,0,0
1,639.83,2,639.83,2024,3,1,0,639.83,0,0,0,1,0,0,0,1,0,0,0,1,0,0,0,1,0,0,0,0,1
5,62.81,9,314.05,2023,6,0,0,12.562000000000001,1,0,0,0,0,0,1,0,0,0,0,0,0,1,0,1,0,1,0,0,0
4,615.83,4,2463.32,2025,5,6,1,153.9575,1,0,0,0,0,0,0,0,0,1,0,0,1,0,0,0,1,0,0,1,0
4,510.58,7,2042.32,2024,7,1,0,127.645,0,0,1,0,0,0,1,0,0,0,0,0,1,0,0,0,1,0,0,0,0
1,334.39,2,334.39,2024,7,2,0,334.39,1,0,0,0,0,0,1,0,0,0,0,0,1,0,1,0,0,0,0,1,0
1,144.25,2,144.25,2024,10,6,1,144.25,0,1,0,0,0,0,0,0,0,0,0,0,1,0,0,0,1,0,0,0,1
1,401.82,5,401.82,2024,6,5,1,401.82,0,0,0,0,0,1,1,0,0,0,0,0,0,1,0,0,0,0,1,0,0
1,252.68,1,252.68,2025,3,0,0,252.68,0,0,0,1,0,0,0,0,0,1,0,0,0,0,1,0,0,0,0,0,1
5,662.78,9,3313.9,2023,5,4,0,132.55599999999998,0,1,0,0,0,0,0,1,0,0,0,0,0,1,0,1,0,0,0,1,0
4,434.42,6,1737.68,2023,3,1,0,108.605,0,0,0,0,0,1,0,0,0,1,0,0,0,0,0,0,0,0,1,0,0
5,513.49,8,2567.45,2024,2,0,0,102.69800000000001,0,0,0,0,1,0,0,0,1,0,0,0,0,0,1,0,0,0,1,0,0
1,432.47,4,432.47,2023,7,1,0,432.47,0,0,0,1,0,0,0,0,0,0,1,0,0,0,0,0,0,0,0,0,1
1,45.94,2,45.94,2024,8,4,0,45.94,1,0,0,0,0,0,0,0,0,0,0,0,0,0,0,0,1,0,0,0,0
1,418.36,5,418.36,2025,6,5,1,418.36,0,0,0,1,0,0,1,0,0,0,1,0,0,0,0,0,0,0,0,0,0
5,676.98,5,3330.4075,2023,11,6,1,135.39600000000002,0,0,0,0,0,0,0,0,0,0,0,0,0,0,1,0,0,1,0,0,0
4,263.62,5,1054.48,2023,9,4,0,65.905,0,0,0,0,0,1,0,0,0,0,0,0,0,1,0,1,0,0,0,0,0
5,551.27,7,2756.35,2025,4,5,1,110.25399999999999,1,0,0,0,0,0,0,0,0,1,0,0,0,0,0,0,0,0,0,0,1
3,508.12,8,1524.36,2023,1,4,0,169.37333333333333,0,0,0,0,0,0,1,0,0,0,0,0,0,0,0,0,0,0,0,0,1
2,14.93,4,29.86,2025,2,1,0,7.465,0,0,0,0,0,0,0,0,0,1,0,0,0,1,1,0,0,1,0,0,0
3,229.34,6,688.02,2023,11,2,0,76.44666666666667,0,0,0,0,1,0,1,0,0,0,0,0,0,1,0,1,0,0,0,0,1
2,438.62,3,877.24,2025,4,5,1,219.31,0,0,0,0,0,1,0,0,0,0,0,0,0,0,0,1,0,1,0,0,0
2,513.59,4,1027.18,2024,1,0,0,256.795,0,0,0,1,0,0,0,0,0,1,0,0,1,0,0,0,0,0,0,0,1
2,253.74,5,507.48,2025,3,2,0,126.87,0,0,0,1,0,0,0,0,0,1,0,0,0,1,0,1,0,0,1,0,0
3,62.77,6,188.31,2024,11,4,0,20.923333333333336,0,0,0,0,0,1,0,0,1,0,0,0,0,1,0,0,0,0,0,0,1
4,25.29,8,101.16,2023,2,5,1,6.3225,0,0,1,0,0,0,1,0,0,0,0,1,0,0,1,0,0,0,1,0,0
1,335.1,6,335.1,2023,6,4,0,335.1,0,0,0,0,0,0,0,1,0,0,0,1,0,0,0,0,0,0,0,0,1
4,484.85,5,1939.4,2023,4,6,1,121.2125,0,1,0,0,0,0,0,1,0,0,1,0,0,0,0,0,1,0,0,0,1
3,381.41,6,1144.23,2025,3,6,1,127.13666666666667,0,0,1,0,0,0,0,0,0,1,0,1,0,0,1,0,0,0,0,1,0
5,347.92,6,1739.6,2023,1,2,0,69.584,0,0,0,1,0,0,0,0,0,0,0,1,0,0,0,0,1,0,1,0,0
4,15.01,6,60.04,2024,5,2,0,3.7525,0,0,0,0,0,0,0,0,0,0,0,0,0,0,1,0,0,1,0,0,0
3,404.79,6,1214.37,2023,8,1,0,134.93,0,0,0,0,0,0,0,0,0,0,0,0,0,1,0,1,0,0,0,1,0
4,611.26,5,2445.04,2023,2,4,0,152.815,0,0,0,0,1,0,0,0,0,0,0,0,0,1,0,1,0,0,0,0,1
3,346.52,3,1039.56,2023,3,3,0,115.50666666666666,0,0,0,0,1,0,1,0,0,0,0,1,0,0,0,1,0,0,1,0,0
1,36.65,1,36.65,2024,12,3,0,36.65,0,0,0,0,0,0,0,0,0,1,0,0,0,0,0,0,1,0,0,0,0
3,149.34,7,448.02,2023,9,1,0,49.78,0,0,0,0,0,1,0,0,1,0,0,0,0,0,0,0,1,0,0,0,0
5,467.81,10,2339.05,2024,7,0,0,93.562,0,0,0,0,0,0,0,0,0,1,0,0,0,0,1,0,0,1,0,0,0
5,420.7,5,2103.5,2023,1,3,0,84.14,0,0,0,1,0,0,0,0,0,0,0,1,0,0,0,0,1,1,0,0,0
5,606.52,6,3032.6,2023,10,2,0,121.304,0,1,0,0,0,0,0,1,0,0,0,0,0,1,0,1,0,0,0,1,0
1,420.26,4,420.26,2025,1,1,0,420.26,0,0,0,1,0,0,1,0,0,0,0,1,0,0,0,0,0,1,0,0,0
3,505.79,3,1517.37,2023,7,2,0,168.59666666666666,0,1,0,0,0,0,0,1,0,0,0,1,0,0,0,0,0,0,0,0,1
4,493.73,6,1974.92,2025,6,3,0,123.4325,0,0,0,1,0,0,0,1,0,0,0,1,0,0,0,1,0,1,0,0,0
3,201.21,3,603.63,2025,3,4,0,67.07000000000001,0,0,0,0,1,0,0,0,0,1,0,0,0,0,0,1,0,0,1,0,0
3,112.29,6,336.87,2024,10,3,0,37.43,0,0,0,0,1,0,0,0,1,0,0,0,0,1,1,0,0,0,1,0,0
4,132.56,8,530.24,2023,7,2,0,33.14,0,0,0,0,0,1,0,0,0,0,0,0,1,0,0,0,1,0,0,1,0
3,539.46,4,1618.38,2023,4,3,0,179.82000000000002,0,0,0,0,1,0,1,0,0,0,0,0,0,1,0,1,0,1,0,0,0
5,508.59,8,2542.95,2024,4,6,1,101.71799999999999,0,1,0,0,0,0,0,0,0,0,0,0,1,0,0,0,1,1,0,0,0
4,203.46,7,813.84,2024,2,6,1,50.865,1,0,0,0,0,0,1,0,0,0,0,1,0,0,0,1,0,0,0,0,1
3,565.25,7,1695.75,2023,5,5,1,188.41666666666666,0,0,1,0,0,0,0,1,0,0,0,0,1,0,0,1,0,0,0,0,0
3,136.84,4,410.52,2023,8,3,0,45.61333333333334,0,0,0,0,0,1,0,0,0,1,0,1,0,0,0,0,0,1,0,0,0
2,464.5,2,929.0,2025,6,2,0,232.25,0,0,1,0,0,0,0,0,0,1,0,0,0,0,0,0,1,0,0,1,0
2,434.97,7,869.94,2023,6,6,1,217.485,0,0,0,0,1,0,0,0,0,1,0,0,0,1,1,0,0,0,0,0,0
2,43.67,4,87.34,2023,7,1,0,21.835,0,0,1,0,0,0,0,0,0,0,0,0,1,0,0,0,1,0,0,1,0
1,171.59,5,171.59,2023,7,2,0,171.59,0,0,0,1,0,0,1,0,0,0,0,1,0,0,0,0,1,0,0,0,0
1,558.27,1,558.27,2025,5,2,0,558.27,0,0,0,1,0,0,0,0,0,1,1,0,0,0,1,0,0,0,0,0,1
2,425.03,2,850.06,2023,2,2,0,212.515,0,1,0,0,0,0,0,0,0,0,0,0,1,0,0,0,1,0,1,0,0
1,376.76,5,376.76,2024,12,0,0,376.76,0,0,0,0,1,0,0,1,0,0,1,0,0,0,0,1,0,0,0,0,0
5,575.24,7,2876.2,2024,3,4,0,115.048,0,0,1,0,0,0,0,0,0,0,1,0,0,0,0,0,1,0,0,0,0
3,568.02,3,1704.06,2024,9,4,0,189.34,1,0,0,0,0,0,0,0,0,1,0,1,0,0,0,0,0,0,0,1,0
3,94.88,8,284.64,2025,2,6,1,31.626666666666665,0,0,0,0,0,1,0,0,1,0,0,0,0,1,1,0,0,0,0,0,1
3,304.15,3,912.4499999999999,2023,4,6,1,101.38333333333333,0,0,0,0,1,0,0,0,1,0,0,0,0,1,0,0,1,0,0,1,0
3,553.52,4,1660.56,2023,3,1,0,184.50666666666666,0,0,0,1,0,0,0,0,1,0,0,0,0,1,0,0,0,1,0,0,0
3,166.99,8,500.97,2024,4,6,1,55.663333333333334,0,0,1,0,0,0,0,0,0,0,0,0,1,0,1,0,0,1,0,0,0
4,198.35,7,793.4,2024,4,1,0,49.5875,0,0,0,0,0,1,0,0,0,0,0,0,0,0,0,0,0,0,1,0,0
4,403.58,9,1614.32,2025,6,4,0,100.895,0,0,0,0,1,0,0,0,0,1,0,1,0,0,0,1,0,0,0,0,1
4,464.29,5,1857.16,2025,5,5,1,116.0725,0,1,0,0,0,0,0,1,0,0,0,0,1,0,0,1,0,0,0,0,0
3,635.98,5,1907.94,2023,3,4,0,211.99333333333334,0,0,1,0,0,0,0,0,0,0,0,0,1,0,1,0,0,0,0,0,1
1,528.06,2,528.06,2024,2,6,1,528.06,0,0,0,1,0,0,1,0,0,0,0,0,0,1,1,0,0,1,0,0,0
1,515.32,1,515.32,2024,4,5,1,515.32,0,0,0,0,0,0,0,0,1,0,0,0,0,0,0,0,0,0,0,0,0
4,657.79,6,2631.16,2025,2,1,0,164.4475,1,0,0,0,0,0,1,0,0,0,0,0,1,0,0,0,1,0,1,0,0
1,153.0,4,153.0,2023,10,2,0,153.0,0,0,0,1,0,0,1,0,0,0,0,0,1,0,1,0,0,0,0,0,1
1,668.48,1,668.48,2023,12,6,1,668.48,0,0,1,0,0,0,0,1,0,0,0,0,0,1,0,1,0,0,0,0,0
2,46.5,7,93.0,2024,2,3,0,23.25,1,0,0,0,0,0,0,0,0,0,0,0,1,0,0,0,1,0,1,0,0
5,653.47,10,3267.35,2024,8,0,0,130.69400000000002,0,0,0,0,0,0,1,0,0,0,0,0,0,0,0,1,0,0,0,0,1
1,628.89,2,628.89,2025,2,2,0,628.89,0,0,0,0,0,0,1,0,0,0,0,0,1,0,0,1,0,0,0,0,1
2,675.1,4,1350.2,2024,4,6,1,337.55,0,0,0,0,0,1,0,0,0,0,0,1,0,0,0,0,0,0,1,0,0
4,89.41,9,357.64,2024,7,3,0,22.3525,0,0,0,0,0,0,0,0,0,1,0,1,0,0,1,0,0,0,1,0,0
5,320.01,6,1600.05,2024,7,1,0,64.002,1,0,0,0,0,0,0,0,1,0,1,0,0,0,1,0,0,0,0,0,1
2,41.0,7,82.0,2025,5,5,1,20.5,0,1,0,0,0,0,0,0,0,1,1,0,0,0,1,0,0,0,0,0,0
1,565.85,1,565.85,2023,3,6,1,565.85,1,0,0,0,0,0,0,0,1,0,0,0,1,0,0,0,0,1,0,0,0
3,648.59,4,1945.77,2024,6,3,0,216.1966666666667,0,0,0,0,0,0,0,1,0,0,0,0,0,0,0,1,0,0,0,0,0
3,68.12,3,204.36,2024,7,2,0,22.706666666666667,0,0,1,0,0,0,0,0,0,1,0,0,0,0,0,0,0,0,0,0,0
1,616.1,6,616.1,2024,6,6,1,616.1,0,0,0,0,0,0,0,0,0,0,0,0,1,0,1,0,0,0,0,0,0
3,247.47,4,742.41,2025,3,6,1,82.49,0,0,0,0,0,1,0,0,0,1,1,0,0,0,0,1,0,1,0,0,0
3,490.74,3,1472.22,2024,5,4,0,163.58,0,0,0,1,0,0,0,0,0,0,0,0,0,1,0,0,1,0,0,0,0
3,531.72,7,1595.16,2025,2,1,0,177.24,1,0,0,0,0,0,0,0,1,0,1,0,0,0,0,1,0,0,1,0,0
5,648.65,7,3243.25,2024,1,0,0,129.73,0,1,0,0,0,0,0,0,0,1,0,1,0,0,1,0,0,0,0,0,1
5,456.06,10,2280.3,2023,8,0,0,91.212,0,0,0,0,1,0,0,0,0,0,0,1,0,0,1,0,0,0,0,1,0
1,17.98,6,17.98,2023,11,1,0,17.98,0,0,0,0,0,1,0,0,0,0,0,0,0,0,0,0,0,0,0,0,0
5,269.86,6,1349.3,2024,3,5,1,53.972,1,0,0,0,0,0,0,0,0,0,0,0,0,1,0,0,1,1,0,0,0
5,31.96,5,159.8,2024,3,6,1,6.392,0,0,0,0,1,0,1,0,0,0,0,0,1,0,0,0,0,0,0,0,1
2,98.47,3,196.94,2023,12,1,0,49.235,0,0,1,0,0,0,0,0,0,0,0,0,1,0,1,0,0,0,0,1,0
1,158.68,6,158.68,2024,3,4,0,158.68,0,0,1,0,0,0,1,0,0,0,0,0,1,0,0,0,1,0,0,1,0
1,613.98,4,613.98,2023,8,6,1,613.98,0,0,0,1,0,0,0,0,0,1,1,0,0,0,0,0,0,1,0,0,0
3,426.12,5,1278.36,2024,1,4,0,142.04,0,0,0,0,1,0,0,0,0,1,1,0,0,0,0,0,1,0,0,1,0
4,629.88,8,2519.52,2025,2,1,0,157.47,0,0,1,0,0,0,0,1,0,0,0,0,0,0,0,0,1,0,0,1,0
4,228.91,4,915.64,2023,10,6,1,57.2275,0,1,0,0,0,0,0,0,0,0,0,0,0,1,0,0,0,0,1,0,0
1,120.98,6,120.98,2023,5,3,0,120.98,0,1,0,0,0,0,0,1,0,0,1,0,0,0,0,0,1,0,0,0,0
4,425.18,8,1700.72,2023,9,5,1,106.295,0,0,0,0,0,0,0,0,0,1,0,0,1,0,0,0,1,1,0,0,0
2,333.83,4,667.66,2023,8,2,0,166.915,0,0,0,1,0,0,0,0,1,0,0,0,0,0,0,0,0,0,0,0,1
2,492.9,5,985.8,2025,5,4,0,246.45,0,1,0,0,0,0,0,0,0,0,0,0,1,0,0,0,0,0,0,1,0
1,92.04,2,92.04,2023,1,5,1,92.04,0,0,0,0,0,1,0,0,0,0,0,0,0,1,1,0,0,1,0,0,0
1,654.27,2,654.27,2023,1,5,1,654.27,0,1,0,0,0,0,0,0,1,0,0,1,0,0,0,1,0,1,0,0,0
1,56.2,1,56.2,2023,6,3,0,56.2,0,0,0,0,0,1,0,1,0,0,0,1,0,0,0,0,1,1,0,0,0
4,628.12,6,2512.48,2024,7,1,0,157.03,0,0,0,1,0,0,0,0,0,1,1,0,0,0,0,0,1,0,0,1,0
3,157.4,7,472.2,2024,4,0,0,52.46666666666667,1,0,0,0,0,0,0,1,0,0,0,0,0,0,0,0,1,0,0,0,0
4,588.85,7,2355.4,2023,1,1,0,147.2125,0,0,1,0,0,0,0,0,1,0,0,1,0,0,1,0,0,0,0,0,0
2,494.78,2,989.56,2023,1,1,0,247.39,0,0,0,0,1,0,0,0,0,1,0,0,0,1,1,0,0,0,1,0,0
3,663.93,6,1991.79,2023,10,4,0,221.30999999999997,0,1,0,0,0,0,0,0,1,0,0,0,1,0,0,0,0,0,0,0,0
1,132.68,1,132.68,2023,12,1,0,132.68,0,1,0,0,0,0,0,1,0,0,0,0,1,0,0,1,0,0,0,0,1
5,364.28,5,1821.4,2025,4,1,0,72.856,1,0,0,0,0,0,1,0,0,0,0,0,0,0,0,0,1,0,1,0,0
5,307.98,10,1539.9,2023,5,6,1,61.596000000000004,0,0,0,0,0,1,0,0,0,1,0,1,0,0,1,0,0,1,0,0,0
4,162.71,7,650.84,2024,4,3,0,40.6775,0,0,0,1,0,0,0,0,0,0,0,0,0,0,0,0,0,0,0,0,0
5,492.94,10,2464.7,2024,9,0,0,98.588,0,0,0,0,0,0,0,0,0,0,0,0,0,1,0,0,0,0,0,0,0
2,343.99,4,687.98,2023,3,4,0,171.995,0,1,0,0,0,0,0,0,0,1,1,0,0,0,1,0,0,0,1,0,0
5,250.68,8,1253.4,2025,3,5,1,50.136,1,0,0,0,0,0,0,0,0,0,0,0,0,1,0,1,0,0,0,1,0
2,362.14,2,724.28,2024,12,4,0,181.07,1,0,0,0,0,0,0,1,0,0,0,1,0,0,0,1,0,0,0,1,0
1,214.08,2,214.08,2024,11,5,1,214.08,0,0,0,0,0,1,0,0,1,0,0,0,1,0,0,0,1,0,1,0,0
1,70.32,4,70.32,2023,11,5,1,70.32,0,0,0,0,1,0,0,0,0,0,0,0,1,0,0,0,1,1,0,0,0
5,421.42,7,2107.1,2023,1,2,0,84.284,0,0,0,0,0,0,0,1,0,0,0,0,0,0,1,0,0,0,0,1,0
5,384.69,6,1923.45,2024,1,2,0,76.938,0,0,0,0,0,0,1,0,0,0,0,1,0,0,0,0,0,0,0,0,0
5,448.15,7,2240.75,2023,6,2,0,89.63,0,0,0,0,0,0,0,0,1,0,0,0,1,0,0,1,0,0,1,0,0
5,79.08,8,395.4,2024,5,2,0,15.815999999999999,0,1,0,0,0,0,0,0,0,0,0,1,0,0,1,0,0,1,0,0,0
4,185.41,9,741.64,2023,1,6,1,46.3525,0,0,0,0,0,1,0,0,0,1,0,0,1,0,0,0,1,0,1,0,0
5,566.07,6,2830.35,2024,10,3,0,113.21400000000001,0,0,1,0,0,0,1,0,0,0,1,0,0,0,0,1,0,0,0,1,0
2,187.88,4,375.76,2023,6,6,1,93.94,0,0,0,0,0,1,0,0,0,1,0,0,0,1,0,0,1,1,0,0,0
2,255.99,4,511.98,2023,11,1,0,127.995,0,0,1,0,0,0,1,0,0,0,1,0,0,0,0,1,0,0,0,1,0
1,627.34,1,627.34,2024,11,0,0,627.34,0,1,0,0,0,0,0,0,0,1,1,0,0,0,1,0,0,0,0,0,1
3,474.14,8,1422.42,2024,2,0,0,158.04666666666665,0,0,0,0,0,1,0,0,1,0,0,0,0,1,0,0,1,0,1,0,0
3,154.37,4,463.11,2025,6,6,1,51.45666666666667,0,0,0,0,0,0,0,0,1,0,1,0,0,0,1,0,0,0,0,1,0
4,145.05,6,580.2,2025,3,4,0,36.2625,0,0,0,0,0,0,0,0,0,1,1,0,0,0,0,1,0,0,1,0,0
4,67.08,8,268.32,2023,8,6,1,16.77,0,0,0,0,0,1,0,0,0,0,0,0,1,0,0,0,1,0,1,0,0
1,522.08,5,522.08,2024,11,6,1,522.08,0,0,1,0,0,0,0,0,1,0,0,0,1,0,0,0,0,0,0,0,1
5,514.6,10,2573.0,2023,6,0,0,102.92,0,0,1,0,0,0,0,0,1,0,1,0,0,0,0,0,0,0,0,1,0
4,577.82,9,2311.28,2024,12,1,0,144.455,0,0,1,0,0,0,1,0,0,0,1,0,0,0,1,0,0,0,1,0,0
2,500.8,3,1001.6,2025,2,0,0,250.4,0,1,0,0,0,0,0,0,0,0,1,0,0,0,0,0,0,0,0,0,1
2,461.13,4,922.26,2023,9,6,1,230.565,0,0,0,0,1,0,0,0,1,0,0,0,1,0,1,0,0,0,0,0,0
1,605.28,3,605.28,2024,11,0,0,605.28,0,1,0,0,0,0,0,0,1,0,0,0,0,1,0,0,0,0,0,0,1
3,204.27,4,612.8100000000001,2024,4,1,0,68.09,0,0,0,1,0,0,0,0,0,1,0,0,1,0,1,0,0,0,1,0,0
1,489.8,4,489.8,2023,8,2,0,489.8,0,0,1,0,0,0,0,0,1,0,0,0,0,1,0,0,0,1,0,0,0
5,72.64,7,363.2,2024,2,2,0,14.528,0,0,0,1,0,0,1,0,0,0,0,0,0,0,1,0,0,0,0,0,0
2,385.16,7,770.32,2025,1,4,0,192.58,0,0,0,0,1,0,0,0,0,1,0,1,0,0,0,1,0,0,0,0,0
3,606.41,7,1819.23,2023,6,0,0,202.13666666666666,1,0,0,0,0,0,0,1,0,0,0,0,1,0,0,0,0,1,0,0,0
2,211.82,4,423.64,2024,11,0,0,105.91,1,0,0,0,0,0,0,0,1,0,0,0,0,0,0,0,1,0,0,0,0
5,495.35,5,2476.75,2024,4,4,0,99.07000000000001,1,0,0,0,0,0,1,0,0,0,0,1,0,0,1,0,0,1,0,0,0
3,556.99,4,1670.97,2023,6,4,0,185.66333333333333,0,0,0,0,0,0,0,0,0,1,0,0,0,0,0,0,0,1,0,0,0
1,72.31,1,72.31,2023,5,4,0,72.31,0,0,0,0,1,0,0,0,1,0,0,0,0,0,0,0,0,1,0,0,0
5,24.82,10,124.1,2023,10,0,0,4.964,0,0,1,0,0,0,1,0,0,0,0,0,0,1,1,0,0,0,0,0,1
4,26.04,5,104.16,2024,3,1,0,6.51,0,0,0,0,0,1,0,0,0,1,0,1,0,0,0,1,0,0,0,1,0
1,657.07,4,657.07,2024,10,4,0,657.07,0,0,0,0,0,1,0,0,0,0,0,1,0,0,0,1,0,0,1,0,0
3,32.62,6,97.85999999999999,2025,6,6,1,10.873333333333333,0,0,0,0,0,0,0,1,0,0,1,0,0,0,1,0,0,1,0,0,0
2,228.91,4,457.82,2024,5,4,0,114.455,0,0,1,0,0,0,0,1,0,0,0,0,0,1,0,1,0,0,0,0,1
3,274.75,3,824.25,2024,11,2,0,91.58333333333333,0,1,0,0,0,0,0,0,0,0,0,0,0,0,0,1,0,0,1,0,0
4,634.05,6,2536.2,2025,5,5,1,158.5125,0,0,0,0,1,0,0,0,0,0,0,0,0,1,0,1,0,0,1,0,0
5,543.16,6,2715.8,2024,7,2,0,108.63199999999999,0,1,0,0,0,0,0,0,0,1,0,0,0,0,0,1,0,0,0,1,0
3,449.13,5,1347.39,2025,1,0,0,149.71,0,0,0,0,0,0,0,0,0,0,0,0,1,0,0,0,1,0,0,0,1
5,389.62,7,1948.1,2024,6,6,1,77.924,1,0,0,0,0,0,0,0,0,0,0,0,1,0,0,0,0,1,0,0,0
1,305.17,3,305.17,2023,4,4,0,305.17,1,0,0,0,0,0,0,0,1,0,0,0,1,0,0,0,1,0,0,0,1
3,445.12,8,1335.36,2023,6,4,0,148.37333333333333,0,0,0,0,0,0,0,0,1,0,0,0,0,0,1,0,0,0,1,0,0
2,230.36,4,460.72,2024,12,3,0,115.18,0,1,0,0,0,0,0,0,0,1,0,0,1,0,0,0,1,0,0,0,0
1,96.81,3,96.81,2024,3,4,0,96.81,0,0,0,1,0,0,0,0,1,0,0,0,0,0,1,0,0,0,0,0,1
5,460.14,10,2300.7,2025,3,4,0,92.02799999999999,0,0,1,0,0,0,1,0,0,0,0,0,1,0,0,0,1,1,0,0,0
3,601.6,7,1804.8,2024,10,3,0,200.53333333333333,0,0,0,0,0,1,1,0,0,0,0,0,0,0,0,1,0,1,0,0,0
3,184.47,4,553.41,2024,2,3,0,61.49,0,0,0,0,0,1,0,0,0,1,0,0,0,0,1,0,0,0,0,0,1
1,411.34,5,411.34,2024,9,1,0,411.34,0,0,0,0,0,1,0,1,0,0,0,0,1,0,1,0,0,0,0,1,0
1,532.89,2,532.89,2024,7,1,0,532.89,0,1,0,0,0,0,0,0,1,0,0,1,0,0,1,0,0,0,0,0,1
3,136.34,8,409.02,2024,3,2,0,45.446666666666665,0,0,0,0,0,1,0,1,0,0,0,0,1,0,0,1,0,0,0,0,1
5,476.01,7,2380.05,2023,10,6,1,95.202,0,0,0,1,0,0,1,0,0,0,1,0,0,0,0,0,1,0,1,0,0
5,236.38,7,1181.9,2024,11,5,1,47.275999999999996,1,0,0,0,0,0,1,0,0,0,0,0,1,0,1,0,0,1,0,0,0
3,396.0,4,1188.0,2023,6,4,0,132.0,0,0,0,0,1,0,0,0,1,0,0,0,0,0,0,0,0,0,0,1,0
5,341.96,6,1709.8,2024,1,1,0,68.392,0,0,0,0,0,1,0,1,0,0,1,0,0,0,1,0,0,0,0,0,0
1,672.89,1,672.89,2023,9,6,1,672.89,0,0,0,0,0,1,1,0,0,0,0,1,0,0,0,0,1,0,0,0,0
2,657.48,5,1314.96,2024,3,4,0,328.74,0,0,0,0,0,1,0,0,0,1,0,0,0,1,0,1,0,0,0,0,1
3,498.68,4,1496.04,2023,8,6,1,166.22666666666666,0,0,0,0,0,0,0,0,0,1,0,0,1,0,0,0,0,0,0,0,0
5,558.63,8,2793.15,2023,3,6,1,111.726,0,0,0,0,1,0,0,0,0,0,0,1,0,0,0,0,0,0,0,0,1
3,19.73,3,59.19,2023,7,4,0,6.576666666666667,0,0,0,1,0,0,0,0,0,1,0,1,0,0,1,0,0,0,0,0,1
5,248.84,10,1244.2,2023,6,4,0,49.768,0,0,1,0,0,0,0,1,0,0,0,0,0,0,1,0,0,0,0,1,0
3,46.11,5,138.33,2024,8,5,1,15.37,0,0,0,0,0,0,0,0,1,0,0,0,1,0,0,0,1,0,0,0,1
5,678.16,7,3330.4075,2023,5,1,0,135.632,0,1,0,0,0,0,0,0,1,0,1,0,0,0,0,0,1,1,0,0,0
5,601.72,5,3008.6,2024,4,2,0,120.34400000000001,0,1,0,0,0,0,0,0,1,0,0,0,0,0,0,0,1,0,0,1,0
2,259.32,2,518.64,2024,4,3,0,129.66,0,0,0,0,1,0,0,0,1,0,1,0,0,0,0,0,1,0,0,0,1
3,63.68,6,191.04,2023,12,2,0,21.226666666666667,0,0,0,0,0,0,0,0,0,0,0,0,1,0,1,0,0,1,0,0,0
4,371.07,7,1484.28,2023,10,3,0,92.7675,0,1,0,0,0,0,0,0,0,0,0,0,0,0,0,0,1,1,0,0,0
4,306.35,7,1225.4,2024,9,6,1,76.5875,0,0,0,0,0,0,0,0,1,0,0,0,0,1,0,0,1,0,0,0,1
4,578.27,9,2313.08,2023,10,6,1,144.5675,0,0,0,0,0,1,0,0,0,1,1,0,0,0,0,0,1,0,0,0,0
1,529.19,5,529.19,2023,1,4,0,529.19,0,0,0,0,0,0,0,0,0,0,0,0,0,0,1,0,0,0,0,0,1
2,587.49,6,1174.98,2024,2,1,0,293.745,0,0,0,0,0,0,0,0,1,0,0,0,1,0,0,1,0,0,0,0,1
4,567.57,9,2270.28,2024,6,6,1,141.8925,0,0,0,0,1,0,0,1,0,0,0,1,0,0,0,0,1,0,1,0,0
5,85.22,7,426.1,2024,4,0,0,17.044,0,0,0,0,0,0,1,0,0,0,0,0,0,0,0,0,0,0,0,0,0
1,438.37,4,438.37,2024,8,0,0,438.37,0,1,0,0,0,0,0,0,0,0,0,0,0,0,0,1,0,0,0,0,1
2,366.23,2,732.46,2023,11,2,0,183.115,0,0,0,0,0,0,0,0,0,0,0,0,0,1,0,0,1,0,0,0,0
2,150.05,4,300.1,2023,1,0,0,75.025,0,1,0,0,0,0,1,0,0,0,0,0,0,0,0,1,0,1,0,0,0
4,498.51,4,1994.04,2023,10,4,0,124.6275,0,0,0,0,0,0,0,1,0,0,0,0,0,1,0,1,0,0,1,0,0
3,339.39,7,1018.17,2025,4,3,0,113.13,1,0,0,0,0,0,0,0,0,0,0,0,1,0,0,0,0,0,1,0,0
2,575.83,3,1151.66,2025,1,5,1,287.915,0,0,1,0,0,0,0,0,0,1,1,0,0,0,0,0,1,0,0,0,1
2,642.98,7,1285.96,2023,12,5,1,321.49,0,0,1,0,0,0,0,1,0,0,0,0,1,0,0,0,0,0,0,0,0
2,372.23,7,744.46,2023,5,3,0,186.115,1,0,0,0,0,0,0,0,1,0,1,0,0,0,0,1,0,0,0,0,0
3,646.34,5,1939.02,2024,11,1,0,215.4466666666667,0,0,0,0,0,0,0,1,0,0,0,1,0,0,1,0,0,0,1,0,0
5,341.84,8,1709.2,2024,6,2,0,68.368,0,0,0,0,0,0,0,0,0,1,0,0,0,1,0,0,0,0,0,1,0
3,690.3,6,2070.9,2024,2,6,1,230.1,0,0,0,0,1,0,1,0,0,0,0,0,0,1,0,0,1,0,1,0,0
3,382.37,8,1147.11,2023,6,0,0,127.45666666666666,0,0,0,0,0,1,0,1,0,0,0,0,1,0,1,0,0,0,0,1,0
2,132.6,4,265.2,2023,3,1,0,66.3,0,0,0,0,0,0,0,1,0,0,0,0,0,0,0,0,1,0,0,0,0
2,189.06,7,378.12,2024,1,3,0,94.53,0,0,1,0,0,0,0,0,1,0,0,0,0,1,0,1,0,1,0,0,0
4,87.79,6,351.16,2023,12,6,1,21.9475,0,0,0,0,0,1,0,0,0,0,0,0,0,0,0,0,0,0,0,1,0
2,46.36,4,92.72,2025,4,4,0,23.18,0,0,0,0,1,0,0,0,1,0,0,0,1,0,0,1,0,0,1,0,0
2,642.04,4,1284.08,2024,10,5,1,321.02,0,0,0,1,0,0,0,0,1,0,1,0,0,0,0,0,1,0,0,0,0
2,651.57,7,1303.14,2024,10,5,1,325.785,0,0,0,0,0,0,0,1,0,0,0,0,0,1,0,0,1,1,0,0,0
3,424.89,6,1274.67,2025,2,4,0,141.63,0,0,0,0,0,1,0,1,0,0,0,0,0,0,0,0,0,0,1,0,0
3,438.89,3,1316.67,2023,1,5,1,146.29666666666665,0,1,0,0,0,0,0,0,0,0,0,0,1,0,1,0,0,1,0,0,0
1,72.6,6,72.6,2024,4,0,0,72.6,0,0,1,0,0,0,0,1,0,0,0,0,0,0,0,0,0,0,0,1,0
4,194.75,5,779.0,2024,12,3,0,48.6875,0,1,0,0,0,0,0,0,0,0,0,0,0,1,1,0,0,1,0,0,0
4,231.26,6,925.04,2023,5,1,0,57.815,0,0,0,0,0,1,0,0,0,1,0,0,0,1,0,0,1,0,1,0,0
4,327.12,4,1308.48,2024,8,5,1,81.78,0,0,1,0,0,0,1,0,0,0,0,0,0,0,1,0,0,0,0,0,0
1,466.42,5,466.42,2023,5,2,0,466.42,0,1,0,0,0,0,0,0,1,0,0,1,0,0,0,1,0,0,0,0,0
2,253.67,3,507.34,2024,7,4,0,126.835,0,0,1,0,0,0,0,0,0,0,0,0,1,0,0,0,1,1,0,0,0
1,257.0,5,257.0,2023,2,6,1,257.0,1,0,0,0,0,0,0,1,0,0,0,0,0,0,1,0,0,0,0,0,1
4,539.2,8,2156.8,2024,4,3,0,134.8,1,0,0,0,0,0,1,0,0,0,0,1,0,0,0,0,0,0,1,0,0
5,50.74,7,253.7,2023,6,3,0,10.148,0,0,0,0,0,0,0,0,1,0,0,0,0,0,0,0,1,0,1,0,0
2,624.16,2,1248.32,2023,5,1,0,312.08,0,0,0,1,0,0,0,1,0,0,0,0,0,1,0,1,0,0,0,1,0
2,372.92,7,745.84,2023,2,1,0,186.46,0,0,0,0,0,1,1,0,0,0,1,0,0,0,0,1,0,0,0,0,0
4,358.75,9,1435.0,2024,1,1,0,89.6875,0,1,0,0,0,0,0,0,1,0,1,0,0,0,0,1,0,1,0,0,0
3,342.02,5,1026.06,2024,8,1,0,114.00666666666666,1,0,0,0,0,0,0,1,0,0,0,1,0,0,1,0,0,0,0,0,0
2,422.34,4,844.68,2025,6,0,0,211.17,0,1,0,0,0,0,1,0,0,0,0,0,0,0,0,0,0,0,0,1,0
5,22.07,7,110.35,2025,4,3,0,4.414,0,0,0,0,0,1,0,0,0,1,0,0,0,0,0,0,0,0,0,1,0
3,163.13,5,489.39,2024,11,6,1,54.376666666666665,0,0,0,0,0,0,0,0,1,0,0,0,0,1,0,0,1,1,0,0,0
3,360.66,5,1081.98,2023,2,3,0,120.22000000000001,0,0,0,0,0,1,0,0,0,1,0,0,1,0,0,0,0,0,0,1,0
3,463.39,3,1390.17,2023,8,6,1,154.46333333333334,0,0,1,0,0,0,1,0,0,0,0,0,1,0,1,0,0,1,0,0,0
1,155.27,6,155.27,2024,1,1,0,155.27,0,0,0,0,0,1,0,1,0,0,0,0,0,1,1,0,0,0,0,0,0
3,509.42,5,1528.26,2023,7,6,1,169.80666666666667,0,0,1,0,0,0,1,0,0,0,0,0,0,0,0,0,0,0,1,0,0
4,652.48,5,2609.92,2025,5,6,1,163.12,1,0,0,0,0,0,0,0,0,0,0,1,0,0,0,0,0,0,0,1,0
4,34.84,8,139.36,2024,9,6,1,8.71,0,0,0,0,1,0,1,0,0,0,0,0,0,1,1,0,0,0,0,0,0
1,234.37,5,234.37,2025,2,4,0,234.37,1,0,0,0,0,0,0,1,0,0,0,0,0,1,0,0,0,0,0,0,0
3,53.6,4,160.8,2023,10,0,0,17.866666666666667,1,0,0,0,0,0,0,0,0,0,0,1,0,0,0,0,1,1,0,0,0
1,332.09,5,332.09,2023,9,2,0,332.09,0,0,0,0,0,1,0,0,1,0,0,0,1,0,0,0,0,0,0,1,0
4,593.22,8,2372.88,2024,3,2,0,148.305,0,0,1,0,0,0,1,0,0,0,0,0,0,0,0,0,1,1,0,0,0
2,444.84,7,889.68,2023,8,1,0,222.42,0,0,0,0,0,1,0,0,0,1,0,0,0,1,1,0,0,1,0,0,0
1,24.48,1,24.48,2024,7,4,0,24.48,0,0,1,0,0,0,0,0,1,0,0,0,1,0,1,0,0,0,0,1,0
3,239.08,8,717.24,2024,11,6,1,79.69333333333334,0,1,0,0,0,0,0,0,0,0,0,0,0,1,1,0,0,0,1,0,0
5,196.84,5,984.2,2023,1,0,0,39.368,1,0,0,0,0,0,1,0,0,0,1,0,0,0,0,0,1,0,0,1,0
1,176.58,4,176.58,2025,3,2,0,176.58,0,0,1,0,0,0,0,1,0,0,0,0,1,0,1,0,0,0,0,0,1
4,666.52,8,2666.08,2023,10,0,0,166.63,0,0,0,0,1,0,0,0,0,0,0,0,0,1,0,0,0,0,0,0,0
5,101.3,7,506.5,2024,11,5,1,20.259999999999998,0,0,0,0,1,0,0,0,0,1,0,0,0,1,0,0,0,0,0,0,0
4,151.2,9,604.8,2023,7,6,1,37.8,0,0,0,0,0,0,0,0,1,0,0,1,0,0,0,0,1,1,0,0,0
5,94.85,6,474.25,2025,2,1,0,18.97,0,0,0,0,1,0,0,0,0,0,0,0,0,1,0,0,1,0,0,0,0
2,388.22,2,776.44,2023,1,2,0,194.11,0,1,0,0,0,0,0,0,0,0,1,0,0,0,0,0,1,0,0,1,0
3,614.15,3,1842.45,2023,11,0,0,204.71666666666667,0,1,0,0,0,0,0,0,1,0,0,0,0,0,1,0,0,1,0,0,0
2,92.91,3,185.82,2024,9,2,0,46.455,0,1,0,0,0,0,0,0,0,0,0,0,1,0,0,0,1,0,0,1,0
3,92.22,5,276.66,2024,6,6,1,30.74,0,0,1,0,0,0,1,0,0,0,1,0,0,0,0,0,0,0,0,0,0
3,562.55,6,1687.65,2024,6,6,1,187.51666666666665,0,0,0,0,1,0,0,1,0,0,0,0,1,0,1,0,0,0,0,0,0
1,92.79,3,92.79,2023,3,2,0,92.79,1,0,0,0,0,0,0,0,0,0,0,1,0,0,0,0,1,0,0,0,0
4,30.27,9,121.08,2023,6,5,1,7.5675,1,0,0,0,0,0,0,0,0,1,1,0,0,0,0,0,0,0,1,0,0
2,49.08,7,98.16,2025,3,6,1,24.54,0,0,1,0,0,0,0,1,0,0,0,0,1,0,0,0,0,0,0,1,0
5,228.09,9,1140.45,2025,3,6,1,45.618,1,0,0,0,0,0,0,0,1,0,0,0,1,0,0,0,0,1,0,0,0
4,650.04,6,2600.16,2024,11,4,0,162.51,0,0,0,0,0,0,0,0,1,0,0,0,0,0,0,1,0,1,0,0,0
1,665.11,3,665.11,2025,3,1,0,665.11,0,0,0,0,1,0,0,0,0,0,0,1,0,0,0,0,0,0,0,1,0
1,386.03,4,386.03,2024,12,5,1,386.03,1,0,0,0,0,0,0,0,0,1,0,1,0,0,0,0,0,0,1,0,0
5,21.54,10,107.7,2024,7,0,0,4.308,0,1,0,0,0,0,0,0,1,0,0,0,1,0,1,0,0,0,1,0,0
2,475.78,2,951.56,2024,7,3,0,237.89,0,0,0,0,0,1,0,0,0,1,0,0,0,1,0,0,1,0,1,0,0
2,68.4,7,136.8,2024,1,1,0,34.2,0,0,0,0,0,1,0,0,1,0,0,1,0,0,0,0,0,0,0,0,0
4,532.49,6,2129.96,2025,6,5,1,133.1225,0,0,0,0,0,1,0,0,0,1,0,0,0,0,0,1,0,1,0,0,0
1,51.73,1,51.73,2023,4,4,0,51.73,0,1,0,0,0,0,0,1,0,0,0,1,0,0,0,0,0,1,0,0,0
3,653.63,7,1960.89,2024,7,4,0,217.87666666666667,0,0,0,0,1,0,0,0,0,1,1,0,0,0,0,0,0,0,0,0,0
3,454.29,4,1362.87,2024,6,3,0,151.43,0,0,0,0,0,0,1,0,0,0,0,1,0,0,0,0,1,0,1,0,0
3,122.11,4,366.33,2023,10,0,0,40.70333333333333,0,0,0,0,0,0,0,0,0,1,1,0,0,0,0,0,1,0,0,0,0
4,64.74,8,258.96,2023,4,5,1,16.185,0,1,0,0,0,0,0,0,1,0,0,0,0,0,0,1,0,0,1,0,0
2,681.06,3,1362.12,2024,1,6,1,340.53,0,1,0,0,0,0,0,1,0,0,0,0,0,1,0,0,0,1,0,0,0
5,128.95,10,644.75,2023,9,3,0,25.79,1,0,0,0,0,0,0,0,0,0,0,1,0,0,0,0,0,0,0,1,0
2,118.59,2,237.18,2024,3,0,0,59.295,1,0,0,0,0,0,1,0,0,0,1,0,0,0,1,0,0,0,0,0,0
1,95.1,1,95.1,2024,11,4,0,95.1,0,0,0,0,1,0,0,0,1,0,0,1,0,0,0,0,1,0,0,1,0
3,54.95,8,164.85,2023,12,5,1,18.316666666666666,1,0,0,0,0,0,0,0,0,0,0,0,1,0,0,1,0,0,0,0,1
3,136.97,4,410.91,2024,10,4,0,45.656666666666666,0,0,0,0,1,0,1,0,0,0,0,0,1,0,0,0,0,0,0,0,1
2,194.85,5,389.7,2023,3,6,1,97.425,0,0,0,0,0,0,0,0,1,0,0,0,1,0,1,0,0,0,0,0,1
4,583.02,4,2332.08,2024,10,4,0,145.755,0,1,0,0,0,0,0,0,0,1,1,0,0,0,0,0,0,1,0,0,0
5,95.75,8,478.75,2024,9,6,1,19.15,0,0,0,0,0,0,0,0,0,1,0,0,0,1,0,1,0,0,0,1,0
4,325.76,8,1303.04,2024,7,0,0,81.44,1,0,0,0,0,0,0,0,1,0,0,0,0,1,0,0,1,0,0,0,0
4,186.41,6,745.64,2023,9,4,0,46.6025,0,0,0,1,0,0,0,0,1,0,0,1,0,0,0,1,0,0,1,0,0
1,474.6,4,474.6,2025,2,5,1,474.6,0,0,0,1,0,0,0,1,0,0,1,0,0,0,0,1,0,0,0,0,0
5,584.46,8,2922.3,2024,6,4,0,116.89200000000001,0,0,0,0,1,0,1,0,0,0,0,0,1,0,1,0,0,0,0,0,0
1,132.05,2,132.05,2025,3,4,0,132.05,0,1,0,0,0,0,0,0,0,1,1,0,0,0,1,0,0,0,1,0,0
4,494.84,8,1979.36,2023,12,0,0,123.71,0,0,0,0,0,1,0,0,0,0,0,0,1,0,0,1,0,0,0,0,0
4,224.61,6,898.44,2024,1,1,0,56.1525,0,0,0,0,1,0,1,0,0,0,0,0,1,0,0,0,1,1,0,0,0
4,44.07,6,176.28,2024,6,4,0,11.0175,0,0,1,0,0,0,0,1,0,0,0,1,0,0,1,0,0,0,0,0,0
5,418.53,6,2092.65,2024,2,4,0,83.70599999999999,0,0,1,0,0,0,1,0,0,0,0,1,0,0,0,0,0,0,1,0,0
4,532.87,9,2131.48,2024,1,2,0,133.2175,0,0,0,1,0,0,0,0,0,0,0,1,0,0,0,0,0,0,0,1,0
2,485.37,5,970.74,2025,6,2,0,242.685,0,0,0,1,0,0,1,0,0,0,0,0,0,1,0,1,0,0,0,0,0
4,386.73,4,1546.92,2024,6,3,0,96.6825,0,0,0,1,0,0,0,0,0,0,1,0,0,0,0,1,0,1,0,0,0
2,377.47,7,754.94,2024,7,5,1,188.735,1,0,0,0,0,0,0,0,0,0,0,1,0,0,1,0,0,0,1,0,0
5,332.64,10,1663.2,2025,1,3,0,66.52799999999999,0,0,1,0,0,0,0,0,1,0,1,0,0,0,1,0,0,0,0,0,1
3,699.93,7,2099.79,2024,11,5,1,233.30999999999997,0,1,0,0,0,0,0,0,0,0,0,0,1,0,0,1,0,0,1,0,0
1,576.35,1,576.35,2024,9,0,0,576.35,0,0,1,0,0,0,0,0,1,0,0,0,1,0,0,0,1,0,0,1,0
2,461.37,5,922.74,2024,6,2,0,230.685,0,0,0,0,0,1,0,0,0,0,1,0,0,0,0,1,0,0,1,0,0
4,111.3,7,445.2,2023,3,3,0,27.825,0,0,0,0,1,0,0,1,0,0,0,1,0,0,0,0,0,0,0,0,0
3,661.89,6,1985.67,2025,2,0,0,220.63,1,0,0,0,0,0,0,0,0,1,0,0,0,0,0,0,1,0,0,0,1
2,259.58,7,519.16,2025,3,2,0,129.79,0,0,0,0,0,1,0,1,0,0,1,0,0,0,0,0,0,0,0,1,0
3,70.81,8,212.43,2024,7,0,0,23.603333333333335,0,0,0,0,0,1,1,0,0,0,0,0,0,1,0,0,0,0,0,0,1
1,518.39,4,518.39,2025,4,6,1,518.39,0,1,0,0,0,0,0,1,0,0,0,1,0,0,0,0,0,0,0,1,0
4,145.41,7,581.64,2023,1,5,1,36.3525,0,0,0,0,0,1,1,0,0,0,0,0,1,0,0,0,0,0,0,0,0
2,599.86,7,1199.72,2023,1,1,0,299.93,0,0,0,0,0,1,0,0,1,0,0,1,0,0,0,0,0,1,0,0,0
4,429.37,8,1717.48,2024,10,3,0,107.3425,0,0,0,1,0,0,1,0,0,0,1,0,0,0,0,0,0,0,1,0,0
2,241.49,7,482.98,2024,4,2,0,120.745,0,0,0,1,0,0,0,1,0,0,0,0,1,0,0,0,0,0,0,1,0
2,452.05,3,904.1,2025,5,5,1,226.025,0,0,0,0,1,0,1,0,0,0,0,0,1,0,0,0,1,0,0,0,0
3,336.71,4,1010.13,2023,6,1,0,112.23666666666666,1,0,0,0,0,0,1,0,0,0,0,1,0,0,1,0,0,0,0,0,0
1,283.69,6,283.69,2024,6,3,0,283.69,0,0,0,1,0,0,0,0,1,0,0,0,0,1,1,0,0,0,1,0,0
1,157.72,2,157.72,2024,2,3,0,157.72,1,0,0,0,0,0,0,1,0,0,1,0,0,0,0,0,0,0,1,0,0
3,624.84,8,1874.52,2023,3,6,1,208.28,0,0,0,0,0,1,1,0,0,0,0,0,0,0,0,0,1,1,0,0,0
3,308.01,3,924.03,2023,7,0,0,102.67,1,0,0,0,0,0,0,0,0,0,0,1,0,0,0,0,0,1,0,0,0
1,39.56,5,39.56,2025,2,1,0,39.56,1,0,0,0,0,0,0,1,0,0,0,0,0,0,1,0,0,0,1,0,0
4,37.76,7,151.04,2023,6,4,0,9.44,1,0,0,0,0,0,0,1,0,0,1,0,0,0,1,0,0,0,1,0,0
3,76.96,8,230.88,2024,9,1,0,25.653333333333332,0,0,0,1,0,0,0,0,0,0,0,0,1,0,0,0,0,0,0,0,0
1,569.96,4,569.96,2023,4,3,0,569.96,0,1,0,0,0,0,0,0,0,1,1,0,0,0,0,0,0,0,0,0,0
5,627.43,10,3137.15,2024,3,6,1,125.48599999999999,0,1,0,0,0,0,1,0,0,0,0,0,0,0,0,0,0,0,0,0,0
2,534.91,5,1069.82,2023,10,4,0,267.455,0,1,0,0,0,0,0,1,0,0,0,0,1,0,0,1,0,0,1,0,0
2,278.88,3,557.76,2023,1,6,1,139.44,0,0,0,0,1,0,0,1,0,0,0,1,0,0,0,0,0,0,0,0,1
2,323.22,7,646.44,2025,4,4,0,161.61,0,0,0,0,0,1,1,0,0,0,1,0,0,0,1,0,0,0,0,1,0
5,653.46,9,3267.3,2023,9,0,0,130.692,0,0,0,0,0,1,0,0,0,0,0,0,0,0,0,0,1,0,0,0,0
4,678.55,5,2714.2,2023,7,3,0,169.6375,0,0,0,0,1,0,0,0,0,0,1,0,0,0,1,0,0,0,0,0,0
1,314.38,6,314.38,2024,2,6,1,314.38,1,0,0,0,0,0,0,0,0,1,0,0,1,0,1,0,0,0,1,0,0
3,692.44,8,2077.32,2024,6,2,0,230.81333333333336,0,0,0,1,0,0,0,1,0,0,0,0,0,0,0,0,0,0,1,0,0
1,604.87,4,604.87,2024,7,6,1,604.87,0,0,1,0,0,0,0,0,0,1,1,0,0,0,1,0,0,0,0,1,0
2,512.33,7,1024.66,2025,6,5,1,256.165,0,0,0,1,0,0,0,0,0,0,0,0,0,0,1,0,0,1,0,0,0
3,20.54,3,61.62,2025,4,1,0,6.846666666666667,0,0,0,0,0,0,1,0,0,0,0,0,0,0,0,0,0,0,0,1,0
2,625.22,5,1250.44,2023,3,5,1,312.61,0,0,0,1,0,0,0,0,0,1,0,0,0,0,1,0,0,0,1,0,0
1,21.19,5,21.19,2023,8,0,0,21.19,0,0,0,0,0,1,0,0,0,0,0,0,1,0,0,0,1,0,1,0,0
5,64.49,7,322.45,2025,3,4,0,12.898,0,0,0,0,0,0,0,0,0,1,0,0,0,0,1,0,0,1,0,0,0
4,246.85,8,987.4,2023,4,4,0,61.7125,0,1,0,0,0,0,1,0,0,0,0,0,0,1,0,0,1,0,1,0,0
3,588.74,8,1766.22,2023,12,4,0,196.24666666666667,0,0,0,1,0,0,0,1,0,0,0,1,0,0,0,0,0,0,0,0,0
4,184.48,4,737.92,2024,3,6,1,46.12,0,1,0,0,0,0,0,0,0,1,0,0,0,0,0,0,1,0,1,0,0
5,524.26,5,2621.3,2024,1,2,0,104.852,0,0,0,1,0,0,0,0,1,0,1,0,0,0,0,0,0,0,0,0,1
2,493.63,6,987.26,2024,8,6,1,246.815,0,0,1,0,0,0,0,0,0,1,0,0,1,0,0,1,0,0,0,0,1
1,438.34,5,438.34,2025,5,0,0,438.34,0,0,0,0,1,0,0,0,1,0,0,0,1,0,0,0,0,1,0,0,0
1,325.81,1,325.81,2025,5,4,0,325.81,0,1,0,0,0,0,1,0,0,0,0,1,0,0,0,0,1,0,0,0,1
1,176.1,1,176.1,2023,7,5,1,176.1,0,0,0,0,0,0,1,0,0,0,0,1,0,0,0,1,0,0,0,1,0
5,45.31,8,226.55,2023,8,2,0,9.062000000000001,0,0,0,0,0,0,0,0,0,1,0,0,0,0,1,0,0,0,0,0,1
4,221.96,7,887.84,2024,3,6,1,55.49,1,0,0,0,0,0,0,0,0,0,1,0,0,0,1,0,0,0,1,0,0
2,601.43,5,1202.86,2023,11,3,0,300.715,0,0,0,0,0,0,0,0,0,1,0,1,0,0,0,0,0,0,0,1,0
5,691.28,10,3330.4075,2023,8,3,0,138.256,0,0,0,0,0,1,0,0,0,1,1,0,0,0,0,1,0,0,0,0,0
4,417.89,4,1671.56,2024,9,5,1,104.4725,0,1,0,0,0,0,0,0,1,0,0,1,0,0,1,0,0,0,1,0,0
4,409.28,8,1637.12,2024,1,5,1,102.32,0,0,0,0,0,0,0,0,0,0,0,1,0,0,1,0,0,0,0,0,0
2,356.35,6,712.7,2023,6,4,0,178.175,1,0,0,0,0,0,0,1,0,0,0,0,1,0,0,0,1,1,0,0,0
5,170.22,8,851.1,2024,4,0,0,34.044,0,0,0,0,0,0,0,1,0,0,1,0,0,0,1,0,0,0,0,0,1
4,384.85,9,1539.4,2023,3,3,0,96.2125,0,0,0,0,1,0,0,0,0,1,1,0,0,0,0,0,0,0,0,1,0
4,115.77,7,463.08,2024,11,2,0,28.9425,0,1,0,0,0,0,0,0,0,1,0,1,0,0,0,1,0,0,0,1,0
3,579.55,8,1738.65,2025,4,1,0,193.1833333333333,0,0,0,1,0,0,0,0,1,0,0,0,1,0,0,0,1,1,0,0,0
2,438.76,2,877.52,2023,2,0,0,219.38,0,1,0,0,0,0,0,1,0,0,0,0,1,0,1,0,0,1,0,0,0
5,488.35,9,2441.75,2025,5,0,0,97.67,0,0,0,1,0,0,0,1,0,0,0,0,1,0,0,0,0,0,0,0,0
4,328.56,4,1314.24,2023,4,6,1,82.14,0,1,0,0,0,0,0,1,0,0,0,0,1,0,0,0,0,0,0,0,0
1,68.39,3,68.39,2025,3,4,0,68.39,0,0,0,0,0,1,0,0,0,1,0,0,1,0,0,0,1,1,0,0,0
4,595.62,8,2382.48,2023,5,2,0,148.905,0,0,0,0,1,0,0,1,0,0,0,1,0,0,0,0,0,1,0,0,0
5,644.64,6,3223.2,2024,2,5,1,128.928,0,0,0,0,0,0,0,0,1,0,0,0,0,0,0,0,0,0,0,0,0
5,397.81,5,1989.05,2023,8,6,1,79.562,0,0,1,0,0,0,0,1,0,0,0,0,1,0,0,1,0,0,0,0,1
3,236.5,8,709.5,2024,1,0,0,78.83333333333333,0,0,0,0,0,0,0,0,0,1,1,0,0,0,0,0,0,0,0,0,0
5,472.01,10,2360.05,2024,10,1,0,94.402,0,1,0,0,0,0,0,0,1,0,0,0,0,0,0,1,0,0,0,0,0
5,253.75,9,1268.75,2023,9,4,0,50.75,0,0,0,0,0,0,0,0,0,1,0,1,0,0,0,0,1,0,0,1,0
3,676.21,5,2028.63,2024,11,6,1,225.40333333333334,0,0,1,0,0,0,0,0,0,1,1,0,0,0,0,1,0,0,1,0,0
3,134.05,3,402.15,2024,2,1,0,44.68333333333334,1,0,0,0,0,0,1,0,0,0,0,0,0,1,1,0,0,0,1,0,0
5,217.43,10,1087.15,2024,4,1,0,43.486000000000004,1,0,0,0,0,0,0,1,0,0,0,0,0,1,0,1,0,0,0,1,0
1,553.56,5,553.56,2023,5,2,0,553.56,0,0,0,0,0,1,1,0,0,0,0,0,0,0,1,0,0,0,0,0,1
2,28.55,7,57.1,2023,11,6,1,14.275,0,1,0,0,0,0,0,0,1,0,0,0,0,1,0,1,0,0,0,0,0
2,255.26,6,510.52,2024,1,4,0,127.63,0,0,0,1,0,0,1,0,0,0,0,0,0,0,0,0,0,0,1,0,0
5,292.54,8,1462.7,2025,3,5,1,58.508,0,1,0,0,0,0,0,1,0,0,0,0,0,0,0,0,0,0,0,0,0
4,147.51,4,590.04,2024,12,2,0,36.8775,0,0,0,0,0,0,0,1,0,0,0,1,0,0,0,0,1,0,0,1,0
3,569.84,8,1709.52,2024,8,6,1,189.9466666666667,0,0,0,0,1,0,0,0,1,0,0,0,0,0,0,0,1,0,0,1,0
5,574.79,8,2873.95,2024,2,2,0,114.958,0,0,0,0,0,1,1,0,0,0,0,1,0,0,0,0,1,0,0,0,1
4,598.19,7,2392.76,2023,10,3,0,149.5475,0,0,0,0,0,0,1,0,0,0,1,0,0,0,0,0,1,0,0,0,0
4,390.84,9,1563.36,2023,3,3,0,97.71,0,0,0,1,0,0,1,0,0,0,0,0,0,0,0,0,1,0,0,0,1
2,398.45,7,796.9,2024,9,5,1,199.225,0,0,0,1,0,0,0,1,0,0,0,0,0,0,0,1,0,0,1,0,0
5,623.81,6,3119.05,2023,5,5,1,124.76199999999999,0,0,0,1,0,0,0,0,0,0,0,0,1,0,0,0,0,0,0,0,0
4,174.49,5,697.96,2024,12,5,1,43.6225,0,1,0,0,0,0,1,0,0,0,1,0,0,0,0,1,0,1,0,0,0
1,479.56,1,479.56,2025,3,5,1,479.56,0,0,0,1,0,0,0,0,1,0,0,0,1,0,0,1,0,0,1,0,0
4,653.13,8,2612.52,2024,10,0,0,163.2825,0,1,0,0,0,0,1,0,0,0,0,0,0,1,0,0,1,0,0,1,0
3,481.1,3,1443.3,2023,8,1,0,160.36666666666667,0,0,1,0,0,0,1,0,0,0,0,0,1,0,0,0,0,1,0,0,0
5,271.69,7,1358.45,2025,3,2,0,54.338,1,0,0,0,0,0,0,0,0,1,0,0,1,0,0,0,0,0,0,1,0
3,463.81,8,1391.43,2025,3,5,1,154.60333333333332,0,0,0,0,1,0,0,0,0,1,0,0,1,0,0,0,1,0,0,0,0
2,639.88,5,1279.76,2023,5,3,0,319.94,0,0,0,0,0,1,0,0,0,0,1,0,0,0,0,0,1,0,0,1,0
4,404.58,5,1618.32,2024,7,2,0,101.145,0,0,0,0,0,0,0,0,0,0,0,0,0,1,0,0,0,0,0,1,0
1,76.93,6,76.93,2023,2,6,1,76.93,0,0,1,0,0,0,0,1,0,0,1,0,0,0,0,0,1,0,0,1,0
4,190.64,5,762.56,2024,12,2,0,47.66,0,0,0,0,0,1,0,0,0,0,1,0,0,0,0,1,0,0,0,0,0
2,88.73,5,177.46,2023,12,0,0,44.365,0,0,0,0,1,0,0,0,0,1,0,1,0,0,1,0,0,0,1,0,0
5,485.71,10,2428.55,2024,3,1,0,97.142,0,0,0,0,0,0,0,0,0,1,0,1,0,0,0,1,0,0,0,0,1
5,78.29,5,391.45,2025,3,4,0,15.658000000000001,0,0,0,1,0,0,1,0,0,0,0,0,0,1,0,0,1,0,0,0,1
5,22.14,10,110.7,2024,4,3,0,4.428,0,0,0,0,1,0,0,0,0,0,0,0,1,0,1,0,0,0,0,1,0
1,679.65,6,679.65,2024,3,1,0,679.65,1,0,0,0,0,0,0,1,0,0,0,0,0,1,0,0,0,0,1,0,0
1,178.44,2,178.44,2023,2,3,0,178.44,0,0,0,1,0,0,1,0,0,0,0,0,0,0,0,0,0,0,1,0,0
5,655.55,5,3277.75,2025,6,5,1,131.10999999999999,0,0,0,0,0,0,0,0,0,1,1,0,0,0,1,0,0,0,0,0,0
4,577.08,8,2308.32,2024,4,3,0,144.27,1,0,0,0,0,0,0,0,0,1,0,1,0,0,1,0,0,1,0,0,0
3,197.97,5,593.91,2023,8,3,0,65.99,0,0,0,0,0,0,0,0,0,1,0,0,0,0,1,0,0,0,1,0,0
3,411.95,7,1235.85,2024,1,6,1,137.31666666666666,0,0,0,0,0,0,1,0,0,0,1,0,0,0,0,0,0,0,0,0,1
2,443.22,5,886.44,2024,9,3,0,221.61,0,0,0,0,1,0,1,0,0,0,1,0,0,0,1,0,0,1,0,0,0
3,364.14,7,1092.42,2025,5,2,0,121.38,0,1,0,0,0,0,0,0,0,1,0,1,0,0,0,0,1,0,0,0,1
3,430.06,8,1290.18,2025,5,1,0,143.35333333333332,1,0,0,0,0,0,0,0,1,0,0,0,0,0,0,0,0,0,0,1,0
1,320.92,5,320.92,2024,12,2,0,320.92,0,0,0,0,0,0,0,0,0,1,0,0,1,0,0,0,0,1,0,0,0
3,107.36,5,322.08,2023,10,6,1,35.78666666666667,0,0,0,1,0,0,0,0,1,0,1,0,0,0,0,0,0,0,1,0,0
2,359.86,4,719.72,2024,7,3,0,179.93,1,0,0,0,0,0,0,1,0,0,0,0,0,0,1,0,0,0,0,0,1
4,434.23,8,1736.92,2024,11,0,0,108.5575,0,0,0,0,1,0,0,0,0,1,0,0,0,1,0,0,0,0,0,0,0
2,645.85,5,1291.7,2023,1,6,1,322.925,0,0,0,0,0,0,0,0,0,1,0,0,0,1,1,0,0,0,0,0,1
4,214.35,7,857.4,2025,6,0,0,53.5875,0,0,0,0,1,0,0,1,0,0,0,0,0,0,0,0,1,0,0,0,1
3,638.5,4,1915.5,2025,4,6,1,212.83333333333334,0,0,1,0,0,0,0,1,0,0,0,0,0,0,0,0,0,0,0,1,0
1,365.57,5,365.57,2023,12,1,0,365.57,0,1,0,0,0,0,0,0,0,1,0,0,0,0,0,1,0,0,0,0,0
3,568.05,6,1704.15,2024,10,3,0,189.35,1,0,0,0,0,0,0,0,1,0,0,1,0,0,0,1,0,0,1,0,0
3,490.01,4,1470.03,2023,10,0,0,163.33666666666667,0,0,0,0,1,0,0,0,0,0,0,0,1,0,0,1,0,1,0,0,0
3,372.6,7,1117.8,2025,6,4,0,124.2,0,1,0,0,0,0,1,0,0,0,1,0,0,0,0,0,1,0,0,0,1
5,240.61,10,1203.05,2023,5,3,0,48.122,0,0,1,0,0,0,1,0,0,0,0,0,0,1,0,0,0,0,0,0,0
1,586.62,5,586.62,2024,6,0,0,586.62,0,0,0,1,0,0,0,1,0,0,0,0,0,1,1,0,0,1,0,0,0
3,257.84,4,773.52,2024,3,6,1,85.94666666666666,0,0,0,1,0,0,0,0,0,1,1,0,0,0,1,0,0,0,0,1,0
5,435.66,9,2178.3,2023,8,6,1,87.132,0,0,0,0,0,1,0,0,0,1,0,1,0,0,1,0,0,1,0,0,0
5,261.33,5,1306.65,2024,8,2,0,52.266,0,0,0,0,0,0,1,0,0,0,0,0,1,0,0,1,0,0,0,0,1
1,422.54,1,422.54,2024,1,1,0,422.54,0,0,0,0,1,0,0,0,0,0,1,0,0,0,0,1,0,0,1,0,0
5,330.45,10,1652.25,2023,3,6,1,66.09,1,0,0,0,0,0,0,0,1,0,0,0,0,1,0,0,0,0,1,0,0
3,120.82,5,362.46,2023,12,5,1,40.27333333333333,1,0,0,0,0,0,1,0,0,0,0,0,0,1,0,1,0,0,0,0,1
1,14.06,5,14.06,2024,5,0,0,14.06,0,0,0,1,0,0,1,0,0,0,0,1,0,0,0,1,0,0,0,0,1
1,491.11,4,491.11,2023,5,2,0,491.11,1,0,0,0,0,0,1,0,0,0,1,0,0,0,0,1,0,1,0,0,0
4,677.37,8,2709.48,2023,4,6,1,169.3425,0,0,1,0,0,0,0,0,0,0,0,1,0,0,0,1,0,0,1,0,0
5,189.25,10,946.25,2024,7,4,0,37.85,1,0,0,0,0,0,0,1,0,0,0,0,0,0,0,0,1,0,0,0,0
4,142.58,4,570.32,2024,5,6,1,35.645,0,0,0,0,1,0,0,0,0,0,1,0,0,0,0,0,0,1,0,0,0
4,316.32,7,1265.28,2024,6,5,1,79.08,0,0,1,0,0,0,0,1,0,0,1,0,0,0,1,0,0,1,0,0,0
2,533.95,5,1067.9,2024,3,6,1,266.975,1,0,0,0,0,0,0,0,0,1,1,0,0,0,0,0,1,0,1,0,0
4,470.09,4,1880.36,2025,6,6,1,117.5225,0,0,0,1,0,0,0,1,0,0,1,0,0,0,0,0,0,0,1,0,0
3,324.3,8,972.9000000000001,2024,5,3,0,108.10000000000001,0,0,0,0,0,1,0,1,0,0,0,1,0,0,0,0,0,0,0,0,0
4,629.34,7,2517.36,2023,7,0,0,157.335,0,0,0,0,0,0,0,0,0,0,0,0,0,1,1,0,0,0,0,0,0
3,136.84,3,410.52,2024,5,6,1,45.61333333333334,1,0,0,0,0,0,0,0,0,0,1,0,0,0,0,1,0,1,0,0,0
2,488.9,7,977.8,2023,10,1,0,244.45,0,0,0,0,0,0,0,0,0,0,1,0,0,0,0,0,0,1,0,0,0
5,133.39,6,666.9499999999999,2023,8,3,0,26.677999999999997,0,1,0,0,0,0,1,0,0,0,1,0,0,0,0,0,0,0,0,0,1
5,608.91,6,3044.55,2024,6,6,1,121.782,0,0,0,0,0,0,0,0,1,0,0,1,0,0,0,1,0,0,1,0,0
1,524.06,3,524.06,2024,7,3,0,524.06,0,0,0,0,0,1,0,1,0,0,0,1,0,0,0,0,0,0,0,0,0
2,330.69,5,661.38,2023,6,3,0,165.345,1,0,0,0,0,0,0,0,0,1,0,0,0,0,0,1,0,0,1,0,0
2,547.67,3,1095.34,2025,4,1,0,273.835,0,0,0,1,0,0,0,0,1,0,0,0,0,1,1,0,0,0,0,1,0
4,233.7,8,934.8,2025,3,2,0,58.425,0,1,0,0,0,0,0,0,0,1,0,0,0,1,0,1,0,1,0,0,0
2,448.85,6,897.7,2023,1,1,0,224.425,0,0,0,0,0,1,1,0,0,0,0,1,0,0,1,0,0,0,0,1,0
2,274.12,6,548.24,2025,6,5,1,137.06,0,0,0,1,0,0,0,0,0,0,1,0,0,0,0,0,0,0,0,0,1
5,561.48,9,2807.4,2025,5,1,0,112.296,0,0,0,0,1,0,0,0,0,1,1,0,0,0,0,0,0,1,0,0,0
1,595.54,4,595.54,2024,5,2,0,595.54,0,0,0,0,0,0,0,0,1,0,0,0,0,1,1,0,0,0,0,1,0
4,515.59,7,2062.36,2024,4,6,1,128.8975,0,1,0,0,0,0,1,0,0,0,0,0,0,1,0,0,0,0,1,0,0
1,460.13,1,460.13,2023,10,2,0,460.13,0,0,0,1,0,0,1,0,0,0,0,0,1,0,1,0,0,0,1,0,0
3,171.66,7,514.98,2024,12,3,0,57.22,0,0,0,0,0,0,0,1,0,0,1,0,0,0,1,0,0,0,1,0,0
2,266.95,3,533.9,2024,7,1,0,133.475,0,1,0,0,0,0,1,0,0,0,0,1,0,0,1,0,0,0,0,1,0
5,650.72,8,3253.6,2024,10,6,1,130.144,0,0,1,0,0,0,1,0,0,0,0,0,0,0,0,0,1,0,0,0,0
3,439.53,5,1318.59,2023,8,4,0,146.51,0,1,0,0,0,0,0,1,0,0,0,1,0,0,1,0,0,0,1,0,0
3,654.54,7,1963.62,2023,11,5,1,218.17999999999998,0,0,1,0,0,0,0,0,0,0,0,0,1,0,0,1,0,0,0,0,1
1,394.53,2,394.53,2024,6,1,0,394.53,1,0,0,0,0,0,0,0,0,0,0,0,0,1,0,0,0,0,0,0,1
1,678.01,4,678.01,2023,3,1,0,678.01,0,0,1,0,0,0,0,0,0,0,0,1,0,0,0,0,0,0,0,0,1
3,575.01,8,1725.03,2023,5,1,0,191.67,0,0,0,0,0,1,0,0,0,1,0,0,0,0,0,0,1,0,0,1,0
3,154.64,6,463.92,2023,11,3,0,51.54666666666666,0,0,0,0,0,0,0,1,0,0,0,1,0,0,0,0,1,1,0,0,0
3,147.29,3,441.87,2024,10,4,0,49.096666666666664,1,0,0,0,0,0,0,0,1,0,0,0,0,1,0,0,0,0,1,0,0
4,481.48,5,1925.92,2024,9,1,0,120.37,0,1,0,0,0,0,0,0,1,0,1,0,0,0,0,1,0,0,0,1,0
3,158.37,6,475.11,2025,3,2,0,52.79,0,0,1,0,0,0,0,0,0,0,0,0,0,1,1,0,0,0,0,0,1
2,323.37,3,646.74,2025,4,2,0,161.685,0,0,0,0,1,0,0,0,0,1,0,1,0,0,0,1,0,0,0,1,0
5,73.83,9,369.15,2025,2,4,0,14.766,0,1,0,0,0,0,0,1,0,0,0,1,0,0,1,0,0,0,0,1,0
1,458.63,4,458.63,2024,4,6,1,458.63,0,0,0,0,0,1,0,1,0,0,0,0,1,0,0,0,1,0,0,0,1
4,180.25,7,721.0,2024,7,5,1,45.0625,0,0,1,0,0,0,0,1,0,0,0,0,0,0,1,0,0,1,0,0,0
3,473.49,7,1420.47,2023,5,2,0,157.83,0,0,1,0,0,0,1,0,0,0,0,1,0,0,1,0,0,0,0,0,0
4,237.43,8,949.72,2025,2,2,0,59.3575,0,0,1,0,0,0,0,0,0,0,0,0,0,0,0,0,1,0,0,0,1
1,442.39,6,442.39,2023,11,3,0,442.39,0,1,0,0,0,0,0,0,1,0,0,1,0,0,0,0,0,1,0,0,0
1,62.12,2,62.12,2024,9,1,0,62.12,0,0,1,0,0,0,0,0,0,0,0,0,1,0,1,0,0,0,0,0,0
5,298.39,7,1491.95,2024,8,6,1,59.678,1,0,0,0,0,0,0,0,1,0,0,0,0,0,0,0,1,0,0,0,1
2,697.93,2,1395.86,2025,5,1,0,348.965,1,0,0,0,0,0,1,0,0,0,0,0,0,0,0,1,0,0,1,0,0
2,291.85,5,583.7,2024,5,0,0,145.925,0,0,0,0,0,1,0,0,0,0,0,0,0,1,0,0,0,0,0,1,0
3,308.98,3,926.94,2024,5,4,0,102.99333333333334,0,0,0,0,1,0,0,0,0,0,1,0,0,0,0,1,0,0,0,1,0
5,396.86,9,1984.3,2024,8,1,0,79.372,1,0,0,0,0,0,0,0,0,0,0,0,0,0,0,1,0,0,0,1,0
2,139.69,7,279.38,2024,1,0,0,69.845,1,0,0,0,0,0,0,0,0,1,0,0,1,0,0,0,0,0,0,0,0
5,475.95,8,2379.75,2023,2,3,0,95.19,0,0,0,0,1,0,1,0,0,0,0,0,1,0,0,0,1,1,0,0,0
1,626.6,4,626.6,2025,2,0,0,626.6,1,0,0,0,0,0,0,0,1,0,0,0,1,0,0,0,1,1,0,0,0
4,502.99,4,2011.96,2024,2,4,0,125.7475,0,1,0,0,0,0,0,1,0,0,0,0,0,1,0,0,1,0,0,0,1
5,578.83,6,2894.15,2024,6,4,0,115.766,0,0,0,0,1,0,0,0,0,0,0,0,1,0,1,0,0,0,0,0,1
5,383.82,7,1919.1,2025,1,0,0,76.764,0,1,0,0,0,0,1,0,0,0,0,0,1,0,0,0,0,0,1,0,0
5,368.25,5,1841.25,2025,6,1,0,73.65,0,1,0,0,0,0,0,0,0,1,1,0,0,0,1,0,0,0,0,1,0
2,374.6,3,749.2,2025,2,4,0,187.3,0,0,0,0,1,0,0,0,0,1,0,0,0,1,0,0,0,0,0,0,1
2,428.09,6,856.18,2025,3,2,0,214.045,0,0,0,0,0,1,1,0,0,0,0,0,1,0,1,0,0,0,0,1,0
1,438.93,3,438.93,2023,7,0,0,438.93,0,0,0,0,0,1,0,0,1,0,0,0,0,0,0,1,0,0,0,0,1
2,563.82,3,1127.64,2024,6,0,0,281.91,1,0,0,0,0,0,1,0,0,0,0,1,0,0,1,0,0,0,0,1,0
3,649.93,7,1949.79,2023,2,5,1,216.64333333333332,0,0,0,0,1,0,1,0,0,0,0,1,0,0,0,0,1,1,0,0,0
5,268.43,5,1342.15,2025,3,5,1,53.686,0,0,0,0,1,0,0,0,0,0,0,0,1,0,0,1,0,0,0,0,0
5,502.47,10,2512.35,2024,12,4,0,100.494,0,0,1,0,0,0,0,0,0,1,0,0,0,1,0,0,1,0,0,0,0
1,26.95,1,26.95,2024,3,2,0,26.95,1,0,0,0,0,0,0,0,0,0,1,0,0,0,0,0,1,0,0,0,0
4,64.69,7,258.76,2023,2,1,0,16.1725,0,1,0,0,0,0,0,1,0,0,0,0,0,1,0,0,1,0,1,0,0
3,247.11,3,741.33,2024,5,3,0,82.37,0,1,0,0,0,0,0,1,0,0,0,0,1,0,0,0,1,0,0,0,1
2,536.25,3,1072.5,2024,10,2,0,268.125,0,0,0,0,0,1,0,1,0,0,0,1,0,0,1,0,0,0,0,0,0
2,456.04,4,912.08,2024,12,0,0,228.02,0,0,0,1,0,0,0,1,0,0,0,0,1,0,0,0,0,0,0,0,0
2,40.23,4,80.46,2024,1,0,0,20.115,0,0,0,0,1,0,1,0,0,0,0,0,0,0,0,1,0,0,1,0,0
2,72.39,7,144.78,2023,3,6,1,36.195,0,1,0,0,0,0,0,0,0,1,1,0,0,0,0,0,1,0,0,1,0
2,394.16,2,788.32,2023,1,3,0,197.08,0,0,1,0,0,0,0,0,0,1,0,0,0,1,1,0,0,0,0,0,1
4,119.84,8,479.36,2025,6,6,1,29.96,0,1,0,0,0,0,0,0,1,0,0,0,0,1,0,0,0,0,0,0,1
3,692.71,3,2078.13,2023,11,4,0,230.90333333333334,0,0,0,1,0,0,1,0,0,0,1,0,0,0,0,0,0,0,0,1,0
4,56.66,4,226.64,2024,1,4,0,14.165,0,0,0,0,0,0,0,0,0,1,1,0,0,0,0,1,0,0,0,1,0
2,298.53,5,597.06,2024,1,1,0,149.265,0,0,0,0,0,0,0,1,0,0,0,0,0,0,0,0,1,0,0,0,0
3,331.46,6,994.3799999999999,2023,7,2,0,110.48666666666666,0,0,0,0,0,0,1,0,0,0,0,0,0,0,0,0,1,0,0,0,1
2,521.4,7,1042.8,2025,4,2,0,260.7,0,1,0,0,0,0,0,0,0,0,1,0,0,0,0,1,0,0,0,1,0
4,305.32,4,1221.28,2023,3,0,0,76.33,0,0,0,0,1,0,0,0,0,1,0,0,0,0,0,1,0,0,1,0,0
5,111.7,9,558.5,2023,7,0,0,22.34,0,0,0,0,1,0,1,0,0,0,0,0,0,0,0,0,0,0,0,0,0
1,479.76,1,479.76,2023,9,4,0,479.76,0,0,0,0,0,1,1,0,0,0,0,1,0,0,1,0,0,0,0,0,0
3,193.49,6,580.47,2023,12,2,0,64.49666666666667,0,0,1,0,0,0,0,0,1,0,0,0,1,0,0,0,0,1,0,0,0
2,426.22,7,852.44,2024,12,0,0,213.11,0,1,0,0,0,0,0,0,0,1,1,0,0,0,0,0,1,0,1,0,0
5,276.44,10,1382.2,2023,8,6,1,55.288,0,0,0,0,0,1,0,0,1,0,0,0,0,1,0,0,0,0,0,0,1
2,404.96,4,809.92,2024,5,5,1,202.48,0,0,0,1,0,0,0,0,0,0,0,0,0,1,0,1,0,0,0,0,0
4,465.66,9,1862.64,2023,9,3,0,116.415,0,0,0,1,0,0,0,0,0,1,0,0,1,0,0,0,0,0,0,0,0
2,594.07,2,1188.14,2024,6,4,0,297.035,0,0,0,1,0,0,0,0,1,0,0,0,0,0,1,0,0,0,1,0,0
5,110.38,10,551.9,2023,11,3,0,22.076,1,0,0,0,0,0,0,0,0,0,0,1,0,0,1,0,0,0,0,0,1
1,596.24,4,596.24,2024,5,4,0,596.24,0,1,0,0,0,0,1,0,0,0,0,0,1,0,0,0,0,0,0,1,0
2,306.24,4,612.48,2024,7,0,0,153.12,0,0,0,0,1,0,0,0,0,1,0,0,1,0,0,0,0,0,0,0,0
3,503.39,5,1510.17,2025,2,3,0,167.79666666666665,0,0,1,0,0,0,0,0,0,1,0,1,0,0,1,0,0,1,0,0,0
1,131.61,2,131.61,2023,2,0,0,131.61,0,0,0,1,0,0,0,0,0,0,0,0,0,1,0,0,0,1,0,0,0
3,443.44,3,1330.32,2024,10,1,0,147.81333333333333,0,0,0,0,0,0,0,0,1,0,0,0,0,1,0,0,0,0,1,0,0
1,408.13,3,408.13,2023,1,0,0,408.13,0,0,0,0,0,0,0,0,1,0,0,0,0,1,0,0,1,0,0,1,0
2,160.98,3,321.96,2024,4,3,0,80.49,0,0,0,1,0,0,0,1,0,0,1,0,0,0,0,1,0,0,0,0,1
5,643.89,8,3219.45,2023,1,3,0,128.778,0,0,1,0,0,0,0,0,0,0,0,0,1,0,0,0,1,1,0,0,0
3,158.66,7,475.98,2023,5,5,1,52.88666666666666,1,0,0,0,0,0,0,0,1,0,1,0,0,0,0,0,1,0,0,0,0
2,143.82,6,287.64,2024,4,5,1,71.91,0,0,0,0,0,1,1,0,0,0,0,0,1,0,0,1,0,0,0,1,0
3,379.07,3,1137.21,2023,12,0,0,126.35666666666667,0,1,0,0,0,0,0,0,1,0,0,1,0,0,0,0,1,0,1,0,0
1,601.36,1,601.36,2024,11,0,0,601.36,0,0,0,1,0,0,0,0,0,1,0,0,0,1,1,0,0,1,0,0,0
2,142.08,4,284.16,2024,9,4,0,71.04,0,0,0,1,0,0,0,0,1,0,1,0,0,0,0,1,0,0,0,0,1
5,530.34,9,2651.7,2024,3,0,0,106.06800000000001,0,0,0,0,0,0,0,0,0,1,0,0,0,1,0,0,0,0,1,0,0
5,364.42,10,1822.1,2023,8,6,1,72.884,0,0,0,1,0,0,1,0,0,0,0,0,0,0,0,1,0,0,0,0,1
4,578.28,5,2313.12,2025,6,2,0,144.57,0,1,0,0,0,0,0,0,1,0,0,0,0,0,0,0,0,0,0,0,0
5,280.52,7,1402.6,2025,5,1,0,56.104,0,0,1,0,0,0,1,0,0,0,0,0,0,0,0,0,1,1,0,0,0
5,638.92,5,3194.6,2025,5,1,0,127.78399999999999,0,0,0,0,0,1,1,0,0,0,0,0,1,0,0,0,0,0,1,0,0
4,412.2,6,1648.8,2024,2,3,0,103.05,0,0,1,0,0,0,1,0,0,0,0,0,0,1,0,0,1,0,0,0,1
1,440.34,2,440.34,2025,6,3,0,440.34,1,0,0,0,0,0,0,0,1,0,0,0,0,1,0,0,1,1,0,0,0
1,627.15,5,627.15,2024,9,5,1,627.15,1,0,0,0,0,0,0,0,0,0,1,0,0,0,0,1,0,0,0,1,0
2,605.26,4,1210.52,2024,5,0,0,302.63,0,0,1,0,0,0,0,0,0,0,0,0,0,0,0,0,1,0,0,0,1
1,90.27,5,90.27,2024,6,6,1,90.27,0,1,0,0,0,0,0,0,0,0,1,0,0,0,0,1,0,1,0,0,0
5,230.77,10,1153.85,2025,6,0,0,46.154,1,0,0,0,0,0,0,0,0,1,0,1,0,0,0,0,1,0,0,0,1
5,266.78,5,1333.9,2023,9,2,0,53.355999999999995,1,0,0,0,0,0,0,0,1,0,0,0,0,0,1,0,0,0,0,0,0
1,105.92,6,105.92,2023,5,3,0,105.92,1,0,0,0,0,0,0,0,1,0,0,0,1,0,0,1,0,0,0,0,0
3,589.3,6,1767.9,2024,4,3,0,196.4333333333333,0,0,0,0,0,1,1,0,0,0,0,0,1,0,0,0,1,0,0,0,1
4,649.47,8,2597.88,2023,1,5,1,162.3675,0,0,0,0,0,0,0,0,0,0,0,1,0,0,0,1,0,0,1,0,0
4,107.49,5,429.96,2024,6,1,0,26.8725,0,0,0,0,1,0,0,0,0,0,1,0,0,0,1,0,0,0,1,0,0
3,669.06,7,2007.18,2023,5,2,0,223.01999999999998,0,0,1,0,0,0,0,0,0,0,1,0,0,0,0,1,0,1,0,0,0
3,69.65,7,208.95,2023,10,5,1,23.21666666666667,0,0,0,0,0,0,0,0,0,0,1,0,0,0,0,0,1,0,0,1,0
4,136.83,8,547.32,2023,11,6,1,34.2075,0,0,0,1,0,0,0,1,0,0,0,1,0,0,0,1,0,0,0,0,0
1,304.11,2,304.11,2024,9,4,0,304.11,0,0,1,0,0,0,0,0,1,0,0,0,0,1,0,1,0,0,0,0,1
4,296.28,5,1185.12,2024,11,6,1,74.07,0,0,1,0,0,0,0,0,1,0,0,0,0,1,0,1,0,0,0,0,0
1,77.64,1,77.64,2025,2,4,0,77.64,1,0,0,0,0,0,1,0,0,0,0,0,0,1,0,0,0,1,0,0,0
1,243.71,6,243.71,2024,7,5,1,243.71,1,0,0,0,0,0,0,0,1,0,1,0,0,0,0,1,0,0,1,0,0
4,644.96,7,2579.84,2024,9,5,1,161.24,0,1,0,0,0,0,1,0,0,0,0,1,0,0,0,0,0,0,0,0,0
5,283.73,8,1418.65,2025,6,3,0,56.746,0,0,0,1,0,0,0,0,1,0,0,1,0,0,0,0,0,0,0,1,0
2,629.56,5,1259.12,2025,2,1,0,314.78,1,0,0,0,0,0,0,0,1,0,0,0,0,0,0,0,1,0,0,1,0
4,246.11,4,984.44,2023,3,3,0,61.5275,0,1,0,0,0,0,1,0,0,0,0,1,0,0,0,1,0,0,0,1,0
2,418.26,2,836.52,2023,11,6,1,209.13,0,0,0,1,0,0,0,1,0,0,0,1,0,0,0,1,0,0,1,0,0
5,127.18,10,635.9000000000001,2024,5,3,0,25.436,1,0,0,0,0,0,0,1,0,0,0,0,0,0,0,0,0,0,1,0,0
3,586.21,4,1758.63,2024,8,1,0,195.40333333333334,0,0,0,0,1,0,0,0,1,0,0,1,0,0,0,0,1,0,0,0,1
3,267.45,5,802.3499999999999,2024,4,5,1,89.14999999999999,0,0,1,0,0,0,0,0,1,0,1,0,0,0,0,0,1,0,0,1,0
4,615.65,9,2462.6,2024,6,3,0,153.9125,0,0,0,0,0,1,0,1,0,0,1,0,0,0,0,0,1,0,1,0,0
2,113.29,5,226.58,2023,11,5,1,56.645,0,0,1,0,0,0,0,0,0,0,0,1,0,0,0,1,0,1,0,0,0
4,473.86,7,1895.44,2024,4,6,1,118.465,0,0,1,0,0,0,0,1,0,0,1,0,0,0,0,1,0,1,0,0,0
3,444.75,6,1334.25,2023,11,0,0,148.25,0,1,0,0,0,0,0,0,0,0,1,0,0,0,0,1,0,1,0,0,0
2,183.67,6,367.34,2023,5,4,0,91.835,0,0,0,1,0,0,0,1,0,0,0,0,0,0,0,1,0,0,1,0,0
1,483.38,6,483.38,2023,12,6,1,483.38,0,0,0,0,1,0,0,0,0,0,0,1,0,0,0,0,0,0,1,0,0
5,260.93,9,1304.65,2023,6,2,0,52.186,0,0,0,0,1,0,0,0,0,1,1,0,0,0,0,1,0,0,0,0,0
2,253.68,6,507.36,2023,12,4,0,126.84,0,0,0,0,1,0,0,0,1,0,0,0,0,1,1,0,0,0,0,0,1
4,699.88,5,2799.52,2025,6,3,0,174.97,0,0,0,0,0,1,0,0,0,0,0,1,0,0,0,0,1,0,0,0,1
5,319.97,7,1599.85,2023,1,2,0,63.99400000000001,0,0,0,0,1,0,0,0,0,0,0,0,0,1,0,1,0,0,1,0,0
4,246.91,8,987.64,2025,6,0,0,61.7275,0,0,0,0,0,0,0,0,0,1,0,1,0,0,0,1,0,0,0,0,1
3,392.85,6,1178.55,2023,3,3,0,130.95000000000002,0,0,0,0,1,0,1,0,0,0,0,0,1,0,1,0,0,0,1,0,0
5,420.98,7,2104.9,2024,5,0,0,84.196,0,0,0,0,0,1,0,0,0,0,1,0,0,0,0,1,0,1,0,0,0
2,73.26,4,146.52,2024,3,2,0,36.63,0,0,1,0,0,0,0,0,0,0,0,1,0,0,0,0,1,1,0,0,0
3,410.88,8,1232.64,2023,1,4,0,136.96,0,0,1,0,0,0,0,0,0,0,1,0,0,0,0,0,0,0,0,1,0
2,176.46,2,352.92,2023,9,5,1,88.23,0,0,0,0,0,1,1,0,0,0,1,0,0,0,0,0,0,0,0,0,0
3,659.57,6,1978.71,2023,3,4,0,219.85666666666668,0,0,1,0,0,0,1,0,0,0,0,0,0,0,0,1,0,0,0,0,0
2,478.36,3,956.72,2024,12,1,0,239.18,0,0,0,1,0,0,0,0,0,1,0,0,0,1,1,0,0,0,1,0,0
4,30.05,6,120.2,2024,12,1,0,7.5125,0,0,0,0,1,0,0,0,0,1,0,0,1,0,1,0,0,1,0,0,0
4,300.56,9,1202.24,2025,4,5,1,75.14,0,1,0,0,0,0,0,0,0,0,0,0,0,0,0,0,0,1,0,0,0
5,226.45,6,1132.25,2024,2,6,1,45.29,0,0,0,0,0,1,0,1,0,0,0,0,1,0,0,0,0,0,0,0,0
2,349.4,2,698.8,2024,1,4,0,174.7,0,0,0,0,1,0,0,0,0,1,0,0,0,1,0,1,0,0,0,1,0
5,268.78,7,1343.9,2023,12,4,0,53.75599999999999,0,0,0,0,0,1,0,1,0,0,1,0,0,0,0,0,1,0,0,0,0
2,680.85,6,1361.7,2024,8,6,1,340.425,0,0,0,0,0,0,0,0,1,0,1,0,0,0,0,0,0,0,0,0,1
3,182.48,3,547.4399999999999,2023,7,5,1,60.82666666666666,0,1,0,0,0,0,0,0,0,0,1,0,0,0,1,0,0,0,0,1,0
1,277.09,2,277.09,2024,4,5,1,277.09,1,0,0,0,0,0,0,0,0,0,0,0,1,0,0,1,0,0,0,0,1
2,26.5,3,53.0,2024,4,0,0,13.25,0,0,0,0,0,1,0,0,0,1,1,0,0,0,0,1,0,0,0,1,0
3,315.27,4,945.81,2023,10,0,0,105.08999999999999,0,0,0,1,0,0,1,0,0,0,0,0,0,0,0,1,0,0,0,0,0
3,450.98,8,1352.94,2025,2,0,0,150.32666666666668,0,0,0,0,0,1,1,0,0,0,0,0,0,1,0,1,0,0,0,0,1
5,233.67,10,1168.35,2024,9,0,0,46.733999999999995,0,1,0,0,0,0,0,0,0,0,0,0,0,1,1,0,0,0,0,0,1
3,367.75,7,1103.25,2024,1,0,0,122.58333333333333,0,0,0,0,0,0,0,0,0,0,0,1,0,0,0,0,0,1,0,0,0
1,23.53,2,23.53,2025,5,5,1,23.53,0,0,0,0,0,0,0,0,1,0,1,0,0,0,0,0,0,0,0,1,0
1,677.48,1,677.48,2023,5,0,0,677.48,0,0,1,0,0,0,0,0,0,1,1,0,0,0,0,0,1,1,0,0,0
4,554.83,6,2219.32,2024,5,1,0,138.7075,0,1,0,0,0,0,0,0,0,0,0,0,1,0,1,0,0,0,1,0,0
4,440.31,6,1761.24,2023,2,4,0,110.0775,1,0,0,0,0,0,0,0,0,0,0,0,0,0,1,0,0,0,0,1,0
1,87.06,4,87.06,2025,3,5,1,87.06,1,0,0,0,0,0,1,0,0,0,0,0,0,1,0,0,0,0,0,0,0
4,245.28,6,981.12,2023,10,0,0,61.32,0,0,0,1,0,0,1,0,0,0,1,0,0,0,0,0,1,0,0,0,0
5,664.51,8,3322.55,2023,2,1,0,132.902,0,0,0,1,0,0,0,1,0,0,0,1,0,0,0,1,0,0,0,0,0
1,618.68,6,618.68,2023,4,3,0,618.68,0,0,0,0,0,0,0,0,0,1,1,0,0,0,0,0,1,0,0,0,1
1,370.85,2,370.85,2024,12,1,0,370.85,0,0,1,0,0,0,0,0,1,0,1,0,0,0,0,0,0,0,0,0,1
4,517.98,8,2071.92,2024,6,6,1,129.495,0,0,0,0,1,0,0,0,0,0,0,0,0,0,0,0,0,1,0,0,0
4,506.11,5,2024.44,2023,11,6,1,126.5275,0,1,0,0,0,0,0,0,0,0,0,0,0,0,1,0,0,0,0,0,1
3,413.83,8,1241.49,2024,5,4,0,137.94333333333333,0,0,0,1,0,0,0,0,1,0,0,0,0,1,0,1,0,1,0,0,0
1,249.81,1,249.81,2023,12,2,0,249.81,0,0,0,0,1,0,0,0,0,0,0,1,0,0,0,1,0,0,1,0,0
3,362.53,5,1087.59,2025,3,5,1,120.84333333333332,0,0,0,0,0,1,0,1,0,0,0,0,1,0,1,0,0,1,0,0,0
2,299.23,2,598.46,2025,6,5,1,149.615,1,0,0,0,0,0,1,0,0,0,0,0,0,0,0,0,1,0,0,1,0
1,536.07,5,536.07,2023,11,2,0,536.07,0,0,0,0,0,1,0,1,0,0,1,0,0,0,0,0,0,0,1,0,0
4,558.9,9,2235.6,2023,2,5,1,139.725,0,0,1,0,0,0,0,0,1,0,0,0,0,1,0,0,1,0,1,0,0
2,409.75,2,819.5,2024,12,0,0,204.875,0,0,0,0,0,1,0,1,0,0,0,0,0,1,0,0,1,1,0,0,0
2,179.96,5,359.92,2025,1,5,1,89.98,0,0,0,0,0,1,0,0,1,0,0,0,0,1,1,0,0,0,0,1,0
1,38.49,4,38.49,2025,6,6,1,38.49,0,0,0,0,1,0,1,0,0,0,1,0,0,0,0,0,0,0,0,0,1
5,316.4,7,1582.0,2024,9,4,0,63.279999999999994,0,1,0,0,0,0,0,0,1,0,0,0,1,0,1,0,0,0,0,0,0
3,547.15,4,1641.45,2024,10,0,0,182.38333333333333,0,0,0,0,0,1,0,0,0,1,0,0,0,1,0,0,1,0,0,1,0
4,540.34,6,2161.36,2023,6,4,0,135.085,0,0,0,0,0,0,0,0,1,0,0,0,0,1,0,0,1,0,0,0,1
4,73.65,9,294.6,2024,9,0,0,18.4125,0,0,1,0,0,0,0,1,0,0,0,0,0,1,1,0,0,0,1,0,0
5,391.86,6,1959.3,2024,7,3,0,78.372,1,0,0,0,0,0,1,0,0,0,0,0,0,1,1,0,0,0,0,1,0
5,69.7,9,348.5,2023,8,6,1,13.940000000000001,0,1,0,0,0,0,0,0,0,1,0,0,1,0,1,0,0,0,0,1,0
5,26.43,5,132.15,2025,3,2,0,5.286,0,0,1,0,0,0,0,0,1,0,0,0,0,1,0,0,0,1,0,0,0
1,531.74,1,531.74,2023,9,0,0,531.74,0,0,0,0,0,1,0,0,0,1,0,0,0,1,0,0,1,0,1,0,0
2,496.62,2,993.24,2024,9,6,1,248.31,0,0,0,1,0,0,0,0,0,1,0,1,0,0,0,1,0,0,0,1,0
1,660.66,3,660.66,2023,11,2,0,660.66,0,0,0,0,1,0,0,1,0,0,1,0,0,0,0,0,1,0,0,1,0
4,274.82,9,1099.28,2023,10,0,0,68.705,0,0,1,0,0,0,0,1,0,0,1,0,0,0,0,0,1,0,0,0,0
2,486.35,6,972.7,2024,6,4,0,243.175,0,0,0,1,0,0,0,0,0,1,0,1,0,0,0,1,0,0,0,0,1
3,428.88,3,1286.64,2024,9,1,0,142.96,0,1,0,0,0,0,0,1,0,0,0,0,0,1,0,0,1,1,0,0,0
2,412.14,2,824.28,2023,9,4,0,206.07,1,0,0,0,0,0,1,0,0,0,0,0,1,0,0,0,0,0,0,1,0
1,265.64,3,265.64,2024,9,6,1,265.64,1,0,0,0,0,0,1,0,0,0,0,0,1,0,0,0,1,0,0,1,0
2,273.43,7,546.86,2024,5,1,0,136.715,0,0,0,0,0,1,0,0,0,0,0,0,0,1,0,0,1,0,0,0,1
5,131.7,8,658.5,2025,1,2,0,26.339999999999996,0,1,0,0,0,0,0,0,0,0,0,0,0,1,0,0,0,0,1,0,0
5,85.52,5,427.6,2023,8,2,0,17.104,0,0,0,0,0,0,0,0,1,0,0,0,0,0,1,0,0,1,0,0,0
2,320.68,5,641.36,2024,6,2,0,160.34,1,0,0,0,0,0,1,0,0,0,0,0,0,1,0,0,0,0,0,0,1
4,198.81,9,795.24,2025,2,2,0,49.7025,0,1,0,0,0,0,0,0,0,0,0,0,1,0,0,0,0,0,0,0,1
5,666.8,7,3330.4075,2023,10,0,0,133.35999999999999,0,0,0,0,1,0,0,1,0,0,1,0,0,0,0,1,0,0,0,0,1
1,355.09,5,355.09,2023,12,2,0,355.09,1,0,0,0,0,0,0,1,0,0,0,0,0,0,0,1,0,0,0,1,0
2,316.2,2,632.4,2023,6,1,0,158.1,0,0,0,1,0,0,0,0,0,1,0,0,1,0,1,0,0,0,0,1,0
1,133.39,2,133.39,2024,8,5,1,133.39,0,1,0,0,0,0,0,1,0,0,0,0,0,1,0,1,0,0,0,0,1
1,454.23,3,454.23,2023,2,5,1,454.23,0,0,1,0,0,0,0,0,1,0,0,0,1,0,1,0,0,1,0,0,0
4,491.29,6,1965.16,2024,9,4,0,122.8225,1,0,0,0,0,0,0,1,0,0,0,1,0,0,1,0,0,0,0,0,0
2,255.14,2,510.28,2025,6,1,0,127.57,0,0,0,1,0,0,0,0,0,0,0,0,0,1,1,0,0,0,1,0,0
1,392.61,4,392.61,2023,2,6,1,392.61,0,0,1,0,0,0,0,0,1,0,0,0,0,0,0,1,0,0,0,0,1
4,362.06,4,1448.24,2024,10,4,0,90.515,0,0,0,0,0,1,0,1,0,0,0,0,1,0,1,0,0,1,0,0,0
1,222.73,4,222.73,2024,5,4,0,222.73,0,0,0,1,0,0,0,0,0,1,0,0,1,0,1,0,0,0,1,0,0
2,552.63,7,1105.26,2024,8,5,1,276.315,0,0,1,0,0,0,0,1,0,0,1,0,0,0,0,0,1,0,0,1,0
4,686.61,6,2746.44,2023,5,0,0,171.6525,0,1,0,0,0,0,0,0,0,0,0,0,0,1,1,0,0,0,0,0,1
3,305.16,8,915.48,2025,3,4,0,101.72000000000001,0,0,0,0,1,0,1,0,0,0,0,0,0,0,0,1,0,0,0,0,1
1,41.09,4,41.09,2023,3,5,1,41.09,1,0,0,0,0,0,0,0,0,1,0,0,1,0,0,0,1,0,0,0,0
5,634.0,8,3170.0,2024,6,3,0,126.8,0,0,0,1,0,0,0,0,1,0,1,0,0,0,1,0,0,0,0,0,0
5,464.74,7,2323.7,2023,1,4,0,92.94800000000001,0,1,0,0,0,0,0,0,1,0,1,0,0,0,1,0,0,0,0,0,1
4,425.6,5,1702.4,2023,4,4,0,106.4,0,0,1,0,0,0,1,0,0,0,0,1,0,0,0,0,0,0,1,0,0
3,573.22,5,1719.66,2023,10,4,0,191.07333333333335,0,0,0,0,0,0,0,1,0,0,0,1,0,0,0,1,0,0,0,0,0
1,123.28,3,123.28,2024,7,1,0,123.28,0,0,0,0,0,0,1,0,0,0,1,0,0,0,0,1,0,0,0,0,0
1,70.82,1,70.82,2023,1,6,1,70.82,0,0,0,1,0,0,0,0,1,0,0,1,0,0,0,0,1,0,0,1,0
2,646.69,7,1293.38,2023,5,6,1,323.345,0,0,0,0,1,0,0,1,0,0,0,0,0,1,0,0,1,0,0,1,0
2,513.42,5,1026.84,2023,12,5,1,256.71,0,0,0,0,0,1,0,0,0,1,0,1,0,0,0,0,1,0,0,1,0
4,693.07,8,2772.28,2025,3,6,1,173.2675,0,1,0,0,0,0,0,0,0,1,0,0,0,1,0,1,0,0,0,1,0
3,491.43,6,1474.29,2023,11,3,0,163.81,1,0,0,0,0,0,0,0,1,0,0,0,0,1,0,0,1,0,0,1,0
2,599.74,2,1199.48,2025,3,5,1,299.87,0,0,0,0,0,1,0,0,1,0,0,0,0,1,1,0,0,0,0,1,0
2,650.25,6,1300.5,2023,2,5,1,325.125,0,0,1,0,0,0,0,0,1,0,0,0,1,0,1,0,0,0,0,1,0
3,209.48,4,628.4399999999999,2024,10,1,0,69.82666666666667,0,1,0,0,0,0,0,1,0,0,0,1,0,0,1,0,0,0,0,0,0
5,209.2,6,1046.0,2023,8,0,0,41.839999999999996,0,1,0,0,0,0,0,1,0,0,1,0,0,0,0,0,1,0,0,0,0
4,197.36,9,789.44,2023,6,4,0,49.34,0,0,0,1,0,0,0,0,1,0,0,0,1,0,0,0,0,0,0,1,0
4,648.91,6,2595.64,2023,6,2,0,162.2275,0,0,0,0,1,0,1,0,0,0,0,0,0,1,0,1,0,0,0,1,0
2,441.54,2,883.08,2024,4,1,0,220.77,0,0,0,1,0,0,0,0,0,1,1,0,0,0,0,1,0,0,0,0,0
2,464.92,2,929.84,2025,5,5,1,232.46,0,0,0,0,0,1,0,1,0,0,0,0,1,0,1,0,0,1,0,0,0
5,506.45,7,2532.25,2024,12,3,0,101.28999999999999,0,0,1,0,0,0,0,0,1,0,0,0,0,1,0,0,1,0,1,0,0
4,255.86,7,1023.44,2023,6,5,1,63.965,0,0,1,0,0,0,1,0,0,0,1,0,0,0,1,0,0,0,0,0,0
2,125.23,3,250.46,2024,9,3,0,62.615,0,1,0,0,0,0,0,0,0,0,0,0,0,0,0,0,0,0,0,0,0
5,38.11,6,190.55,2023,8,3,0,7.622,0,1,0,0,0,0,0,1,0,0,0,0,0,0,0,0,1,0,0,1,0
3,161.97,4,485.91,2025,6,6,1,53.99,0,0,1,0,0,0,0,0,0,0,0,1,0,0,0,1,0,0,0,0,0
4,347.17,8,1388.68,2024,6,0,0,86.7925,0,0,0,0,0,0,0,1,0,0,0,0,0,1,1,0,0,0,0,1,0
4,276.32,5,1105.28,2023,4,0,0,69.08,0,1,0,0,0,0,0,0,0,1,1,0,0,0,1,0,0,0,1,0,0
4,314.76,8,1259.04,2024,7,3,0,78.69,0,0,0,0,0,1,0,0,0,1,0,0,0,1,1,0,0,0,0,1,0
3,475.69,3,1427.07,2024,1,0,0,158.56333333333333,0,0,0,0,0,1,0,0,1,0,0,0,0,0,0,0,0,0,1,0,0
1,372.8,6,372.8,2023,3,6,1,372.8,0,0,0,0,0,0,0,0,0,0,0,0,0,0,0,1,0,1,0,0,0
2,63.21,4,126.42,2025,6,0,0,31.605,0,0,0,0,0,1,0,0,0,1,0,0,0,0,0,1,0,0,1,0,0
1,634.94,5,634.94,2023,3,0,0,634.94,0,1,0,0,0,0,0,0,0,1,0,0,0,0,0,0,1,0,0,1,0
4,77.47,7,309.88,2024,4,0,0,19.3675,0,0,0,0,1,0,0,0,1,0,0,0,1,0,0,1,0,0,0,1,0
3,84.31,3,252.93,2024,2,6,1,28.103333333333335,0,0,0,0,0,0,1,0,0,0,0,0,0,1,0,1,0,0,0,0,0
4,234.45,9,937.8,2023,5,5,1,58.6125,0,0,1,0,0,0,0,0,0,1,0,0,0,0,0,0,0,0,0,1,0
1,356.81,1,356.81,2023,10,4,0,356.81,1,0,0,0,0,0,0,0,0,1,1,0,0,0,0,0,1,0,0,1,0
4,209.99,8,839.96,2023,3,6,1,52.4975,1,0,0,0,0,0,0,0,0,0,1,0,0,0,1,0,0,0,1,0,0
3,659.88,3,1979.64,2023,3,3,0,219.96,0,0,0,0,0,1,0,0,1,0,0,0,0,0,1,0,0,0,1,0,0
2,336.32,3,672.64,2025,6,4,0,168.16,0,1,0,0,0,0,0,0,0,1,0,0,1,0,1,0,0,0,1,0,0
2,531.49,7,1062.98,2023,10,5,1,265.745,0,0,0,0,1,0,1,0,0,0,1,0,0,0,0,0,1,1,0,0,0
3,588.44,8,1765.32,2024,5,0,0,196.14666666666668,0,0,0,0,0,0,0,0,1,0,0,0,0,1,0,0,1,0,1,0,0
3,251.48,4,754.4399999999999,2024,5,4,0,83.82666666666667,0,0,0,1,0,0,1,0,0,0,0,0,1,0,1,0,0,0,0,0,0
1,684.65,1,684.65,2024,11,6,1,684.65,0,1,0,0,0,0,1,0,0,0,1,0,0,0,0,0,0,0,0,0,0
1,195.86,3,195.86,2025,5,5,1,195.86,0,0,0,0,0,1,0,0,0,1,0,1,0,0,1,0,0,1,0,0,0
3,50.34,3,151.02,2023,5,6,1,16.78,0,0,0,1,0,0,0,0,1,0,0,0,1,0,0,0,0,0,0,1,0
5,678.19,8,3330.4075,2023,6,2,0,135.638,0,0,1,0,0,0,0,0,0,1,0,0,1,0,1,0,0,1,0,0,0
3,554.25,6,1662.75,2023,4,4,0,184.75,0,0,0,0,0,1,0,1,0,0,0,0,0,1,0,0,1,0,0,0,1
4,576.87,5,2307.48,2023,5,1,0,144.2175,0,0,0,0,0,0,0,0,1,0,0,0,1,0,1,0,0,0,0,1,0
4,408.36,4,1633.44,2023,10,0,0,102.09,1,0,0,0,0,0,0,0,1,0,0,0,0,0,0,0,0,0,0,0,1
5,190.11,7,950.5500000000001,2024,7,0,0,38.022000000000006,0,0,0,1,0,0,0,0,0,0,1,0,0,0,0,1,0,0,1,0,0
3,602.75,6,1808.25,2025,3,5,1,200.91666666666666,0,0,0,0,1,0,1,0,0,0,0,0,0,1,0,1,0,0,0,0,0
3,646.79,5,1940.37,2023,8,3,0,215.59666666666666,0,0,1,0,0,0,0,0,0,0,0,0,0,0,0,0,1,0,1,0,0
4,418.71,8,1674.84,2023,6,6,1,104.6775,0,0,0,0,0,0,0,0,0,0,0,1,0,0,0,0,0,0,0,1,0
2,323.45,5,646.9,2025,2,6,1,161.725,0,1,0,0,0,0,1,0,0,0,0,0,1,0,0,0,0,0,0,1,0
1,694.5,3,694.5,2024,7,3,0,694.5,0,0,0,1,0,0,1,0,0,0,0,1,0,0,0,0,1,1,0,0,0
2,337.32,4,674.64,2024,12,0,0,168.66,0,0,0,0,0,0,1,0,0,0,0,0,0,0,0,1,0,0,0,0,0
2,467.91,5,935.82,2024,4,1,0,233.955,0,0,0,0,1,0,0,0,1,0,0,0,1,0,0,0,1,1,0,0,0
4,38.28,4,153.12,2024,6,5,1,9.57,1,0,0,0,0,0,0,1,0,0,0,0,0,0,0,0,1,1,0,0,0
2,73.41,2,146.82,2023,12,3,0,36.705,0,0,0,0,1,0,0,0,0,1,0,0,0,1,0,1,0,0,1,0,0
3,668.33,4,2004.99,2023,9,6,1,222.77666666666667,0,0,0,0,0,1,0,0,1,0,0,1,0,0,0,0,1,1,0,0,0
4,410.21,5,1640.84,2024,7,0,0,102.5525,0,0,0,0,1,0,0,0,0,0,0,1,0,0,0,0,1,0,0,1,0
4,294.41,4,1177.64,2023,12,0,0,73.6025,1,0,0,0,0,0,0,1,0,0,0,1,0,0,1,0,0,0,0,1,0
3,501.82,4,1505.46,2025,3,5,1,167.27333333333334,0,0,0,0,0,0,0,0,1,0,0,0,0,0,0,0,0,0,0,0,0
2,552.83,3,1105.66,2024,6,0,0,276.415,0,0,0,0,1,0,1,0,0,0,0,0,0,0,1,0,0,0,0,0,1
3,498.66,6,1495.98,2025,2,6,1,166.22,0,0,0,0,0,0,0,0,0,0,0,0,0,0,1,0,0,0,0,0,0
4,695.1,8,2780.4,2024,8,4,0,173.775,0,0,0,1,0,0,0,1,0,0,0,0,1,0,1,0,0,0,0,0,0
1,381.61,5,381.61,2023,4,0,0,381.61,0,0,0,0,0,0,0,1,0,0,0,1,0,0,1,0,0,0,0,0,0
5,507.94,9,2539.7,2023,2,3,0,101.588,1,0,0,0,0,0,0,0,0,1,0,0,0,0,1,0,0,1,0,0,0
3,571.53,6,1714.59,2025,5,0,0,190.51,1,0,0,0,0,0,0,1,0,0,1,0,0,0,0,0,0,1,0,0,0
5,421.44,5,2107.2,2024,10,3,0,84.288,0,0,1,0,0,0,0,0,0,0,0,1,0,0,0,1,0,0,0,1,0
2,588.3,2,1176.6,2025,1,3,0,294.15,0,0,0,0,0,0,0,0,0,1,0,1,0,0,0,0,0,0,0,0,0
1,355.15,2,355.15,2024,6,1,0,355.15,0,0,0,1,0,0,0,0,0,0,0,0,1,0,0,1,0,0,0,0,0
2,695.29,6,1390.58,2024,7,3,0,347.645,0,0,0,0,0,0,1,0,0,0,0,1,0,0,0,0,0,0,0,1,0
4,302.65,8,1210.6,2023,2,0,0,75.6625,1,0,0,0,0,0,1,0,0,0,0,0,0,0,0,1,0,0,0,0,1
2,608.04,4,1216.08,2023,1,6,1,304.02,0,0,0,0,0,0,0,0,0,0,0,0,0,0,1,0,0,0,1,0,0
2,344.18,7,688.36,2023,11,3,0,172.09,0,0,0,0,0,1,1,0,0,0,0,0,0,1,1,0,0,0,0,0,1
4,696.71,4,2786.84,2024,12,0,0,174.1775,0,0,1,0,0,0,0,1,0,0,0,0,0,1,1,0,0,0,0,1,0
3,198.63,8,595.89,2025,6,2,0,66.21,0,0,1,0,0,0,0,0,0,0,0,1,0,0,0,1,0,0,0,1,0
4,534.57,6,2138.28,2023,8,6,1,133.6425,0,0,0,0,1,0,1,0,0,0,1,0,0,0,0,0,0,1,0,0,0
4,690.78,9,2763.12,2023,7,2,0,172.695,0,1,0,0,0,0,1,0,0,0,0,0,0,1,1,0,0,0,0,0,1
3,301.55,5,904.6500000000001,2024,5,2,0,100.51666666666667,0,0,1,0,0,0,0,1,0,0,1,0,0,0,0,0,0,0,1,0,0
4,27.42,4,109.68,2023,4,3,0,6.855,0,0,1,0,0,0,0,1,0,0,0,1,0,0,0,1,0,0,0,0,1
4,466.7,8,1866.8,2024,2,4,0,116.675,1,0,0,0,0,0,0,1,0,0,0,0,1,0,1,0,0,0,0,1,0
1,541.64,5,541.64,2024,9,2,0,541.64,1,0,0,0,0,0,0,1,0,0,0,0,0,1,0,1,0,0,0,0,0
1,11.39,6,11.39,2023,10,0,0,11.39,0,0,0,1,0,0,0,0,0,0,0,0,0,0,0,0,1,0,0,0,0
2,224.37,3,448.74,2025,3,1,0,112.185,0,0,0,1,0,0,0,1,0,0,1,0,0,0,0,0,1,0,0,0,1
3,306.29,7,918.8700000000001,2024,6,1,0,102.09666666666668,0,1,0,0,0,0,1,0,0,0,0,0,1,0,0,0,1,0,0,1,0
5,315.57,6,1577.85,2024,1,0,0,63.114,0,0,0,0,0,1,0,1,0,0,1,0,0,0,0,0,1,0,0,0,0
3,223.79,3,671.37,2023,7,4,0,74.59666666666666,0,0,0,0,0,0,0,1,0,0,0,1,0,0,1,0,0,0,1,0,0
3,324.47,4,973.4100000000001,2023,7,0,0,108.15666666666668,0,0,0,0,0,0,0,0,0,0,1,0,0,0,0,0,1,0,0,0,0
2,92.87,5,185.74,2023,10,1,0,46.435,0,0,0,0,1,0,1,0,0,0,0,1,0,0,0,0,0,1,0,0,0
2,331.42,6,662.84,2023,4,5,1,165.71,0,1,0,0,0,0,1,0,0,0,1,0,0,0,0,0,1,0,1,0,0
1,525.43,2,525.43,2024,12,0,0,525.43,0,0,0,0,0,0,0,0,0,0,0,0,0,0,0,1,0,0,0,1,0
2,697.19,7,1394.38,2023,8,3,0,348.595,0,0,0,0,1,0,0,0,0,0,0,0,1,0,0,0,0,0,0,0,0
4,518.4,7,2073.6,2023,8,0,0,129.6,0,0,0,1,0,0,1,0,0,0,1,0,0,0,0,1,0,1,0,0,0
3,131.96,8,395.88,2025,2,1,0,43.98666666666667,1,0,0,0,0,0,1,0,0,0,0,1,0,0,1,0,0,0,0,1,0
1,208.36,4,208.36,2024,10,4,0,208.36,0,0,1,0,0,0,0,0,0,1,0,0,0,1,0,0,0,0,0,0,0
3,222.34,5,667.02,2023,11,0,0,74.11333333333333,0,0,0,0,1,0,1,0,0,0,0,0,1,0,0,0,1,0,0,0,0
3,91.74,8,275.22,2024,9,1,0,30.58,0,0,0,0,1,0,0,1,0,0,0,0,1,0,0,0,0,0,0,0,1
2,213.83,2,427.66,2023,8,6,1,106.915,0,0,0,0,0,1,0,1,0,0,0,0,0,0,0,0,1,0,0,0,0
1,127.55,3,127.55,2023,4,3,0,127.55,0,0,0,0,1,0,0,0,0,0,0,0,0,1,0,1,0,0,0,0,1
1,70.24,4,70.24,2024,9,6,1,70.24,0,0,1,0,0,0,1,0,0,0,0,0,0,0,0,0,0,0,1,0,0
5,518.55,6,2592.75,2023,1,6,1,103.71,0,1,0,0,0,0,1,0,0,0,0,0,0,0,0,0,1,0,0,1,0
4,298.36,8,1193.44,2023,10,1,0,74.59,0,0,0,0,0,0,0,1,0,0,0,1,0,0,0,0,0,0,1,0,0
3,158.74,7,476.22,2023,7,3,0,52.913333333333334,1,0,0,0,0,0,0,0,0,1,0,1,0,0,0,0,0,0,0,1,0
2,420.29,3,840.58,2025,6,5,1,210.145,0,0,0,0,0,0,0,0,1,0,0,0,1,0,0,1,0,0,1,0,0
1,281.52,6,281.52,2023,4,2,0,281.52,1,0,0,0,0,0,0,0,1,0,0,0,0,1,0,0,1,0,0,0,1
1,204.08,4,204.08,2023,9,2,0,204.08,0,1,0,0,0,0,0,0,1,0,0,0,1,0,1,0,0,0,1,0,0
1,343.31,6,343.31,2024,7,0,0,343.31,0,0,0,0,0,0,0,0,1,0,0,0,1,0,0,1,0,0,1,0,0
1,163.32,6,163.32,2023,11,5,1,163.32,0,0,1,0,0,0,0,0,0,0,0,0,0,1,0,0,1,1,0,0,0
2,184.6,7,369.2,2024,3,2,0,92.3,1,0,0,0,0,0,0,0,1,0,1,0,0,0,0,0,1,0,0,0,0
2,371.29,5,742.58,2023,10,5,1,185.645,0,0,0,0,1,0,0,0,1,0,0,0,0,1,0,0,1,1,0,0,0
5,389.22,7,1946.1,2024,8,5,1,77.84400000000001,0,0,0,0,0,1,0,0,0,0,0,0,0,0,1,0,0,0,0,0,1
3,616.39,6,1849.17,2025,6,6,1,205.46333333333334,1,0,0,0,0,0,1,0,0,0,0,0,0,1,0,0,0,0,0,1,0
4,376.43,5,1505.72,2025,2,0,0,94.1075,1,0,0,0,0,0,0,0,1,0,0,1,0,0,0,0,1,0,0,1,0
3,432.85,4,1298.55,2024,2,2,0,144.28333333333333,0,0,0,0,0,0,0,0,0,1,0,1,0,0,1,0,0,0,0,1,0
1,687.89,1,687.89,2025,6,0,0,687.89,0,0,0,0,0,1,0,0,0,0,0,0,1,0,0,0,0,0,0,0,0
3,189.44,4,568.3199999999999,2023,11,6,1,63.14666666666667,0,0,0,0,1,0,0,0,0,0,0,1,0,0,0,0,0,0,0,0,0
1,107.04,6,107.04,2024,6,3,0,107.04,1,0,0,0,0,0,1,0,0,0,0,0,0,0,0,0,0,0,1,0,0
2,662.53,5,1325.06,2024,3,0,0,331.265,0,0,1,0,0,0,0,0,0,1,0,0,0,0,1,0,0,1,0,0,0
2,436.84,2,873.68,2023,7,3,0,218.42,0,0,0,0,0,1,0,0,0,1,1,0,0,0,0,0,0,0,0,1,0
4,262.52,4,1050.08,2024,8,3,0,65.63,0,0,0,0,0,0,0,1,0,0,0,0,0,0,0,0,1,0,0,1,0
4,560.58,6,2242.32,2023,6,6,1,140.145,0,0,0,0,0,1,0,0,1,0,0,0,1,0,0,1,0,0,0,0,1
